<doc>
  <source auto="true" type="str" verify="true"><![CDATA[https://rustih.ru/ivan-krylov-lyagushka-i-vol/]]></source>
  <category auto="true" type="str" verify="true"><![CDATA[Басни]]></category>
  <author auto="true" type="str" verify="true"><![CDATA[Иван Крылов]]></author>
  <title auto="true" type="str" verify="true"><![CDATA[Лягушка и вол]]></title>
  <text auto="true" type="str" verify="true"><![CDATA[Лягушка, на лугу увидевши Вола,
Затеяла сама в дородстве с ним сравняться:
Она завистлива была.
И ну топорщиться, пыхтеть и надуваться.
«Смотри-ка, квакушка, что, буду ль я с него?»
Подруге говорит. «Нет, кумушка, далеко!» —
«Гляди же, как теперь раздуюсь я широко.
Ну, каково?
Пополнилась ли я?» — «Почти что ничего».—
«Ну, как теперь?» — «Всё то ж». Пыхтела да пыхтела
И кончила моя затейница на том,
Что, не сравнявшися с Волом,
С натуги лопнула и — околела.
Пример такой на свете не один:
И диво ли, когда жить хочет мещанин,
Как именитый гражданин,
А сошка мелкая, как знатный дворянин.]]></text>
</doc>
