<doc>
  <source auto="true" type="str" verify="true"><![CDATA[https://rustih.ru/omar-xajyam-dobrosovestnyx-i-umnyx/]]></source>
  <category auto="true" type="str" verify="true"><![CDATA[Рубаи]]></category>
  <author auto="true" type="str" verify="true"><![CDATA[Омар Хайям]]></author>
  <title auto="true" type="str" verify="true"><![CDATA[Добросовестных и умных]]></title>
  <text auto="true" type="str" verify="true"><![CDATA[Добросовестных и умных
Уважай и посещай —
И подальше, без оглядки
От невежды убегай!]]></text>
</doc>
