<doc>
  <source auto="true" type="str" verify="true"><![CDATA[https://rustih.ru/ivan-krylov-volk-i-zhuravl-basnya/]]></source>
  <category auto="true" type="str" verify="true"><![CDATA[Басни]]></category>
  <author auto="true" type="str" verify="true"><![CDATA[Иван Крылов]]></author>
  <title auto="true" type="str" verify="true"><![CDATA[Волк и журавль (Басня)]]></title>
  <text auto="true" type="str" verify="true"><![CDATA[Что волки жадны, всякий знает:
Волк, евши, никогда
Костей не разбирает.
Зато на одного из них пришла беда!
Он костью чуть не подавился.
Не может Волк ни охнуть, ни вздохнуть;
Пришло хоть ноги протянуть!
По счастью, близко тут Журавль случился.
Вот кой-как знаками стал Волк его манить
И просит горю пособить.]]></text>
</doc>
