<doc>
  <source auto="true" type="str" verify="true"><![CDATA[https://rustih.ru/bella-axmadulina-pesnya/]]></source>
  <category auto="true" type="str" verify="true"><![CDATA[Стихи]]></category>
  <author auto="true" type="str" verify="true"><![CDATA[Белла Ахмадулина]]></author>
  <title auto="true" type="str" verify="true"><![CDATA[Песня]]></title>
  <text auto="true" type="str" verify="true"><![CDATA[Я, как гора, угрюм. А ты горда,
как город, превзошедший города
красой и славой, светом и стеклом.
И вряд ли ты займешься пустяком
души моей. Сегодня, как всегда,
уходят из Тбилиси поезда.]]></text>
</doc>
