<doc>
  <source auto="true" type="str" verify="true"><![CDATA[https://rustih.ru/bella-axmadulina-devushka/]]></source>
  <category auto="true" type="str" verify="true"><![CDATA[Стихи]]></category>
  <author auto="true" type="str" verify="true"><![CDATA[Белла Ахмадулина]]></author>
  <title auto="true" type="str" verify="true"><![CDATA[Девушка]]></title>
  <text auto="true" type="str" verify="true"><![CDATA[Мы рассуждаем про искусство.
Но речь пойдет и о любви.
Иначе было б очень скучно
следить за этими людьми.]]></text>
</doc>
