<doc>
  <source auto="true" type="str" verify="true"><![CDATA[https://rustih.ru/ivan-krylov-oda-vybrannaya-iz-psalma-14-go/]]></source>
  <category auto="true" type="str" verify="true"><![CDATA[Басни]]></category>
  <author auto="true" type="str" verify="true"><![CDATA[Иван Крылов]]></author>
  <title auto="true" type="str" verify="true"><![CDATA[Ода, выбранная из псалма 14-го]]></title>
  <text auto="true" type="str" verify="true"><![CDATA[Господи, кто обитает в жилищи твоем?
Кто, боже, в высотах эфирных
Святый твой населяет двор?
Кто слышит, как, при звуках лирных,
Поет тебя пресветлый хор?
И кто, в святилищах небесного чертога
Вкушает сладость зреть величье, славу бога?
Кто сердцем чистым, нелукавым
Стремится твой закон блюсти;
Кто не скользит вослед неправым;
Чей ввек язык не знает льсти,
И чья душа, в словах и взорах беспорочных,
Как полная луна, видна в водах полночных;
Кто на друга сетей не ставит,
Не соплетает злых клевет;
Боящихся кто бога славит,
За благо злом не воздает,
Кто в гнусных рубищах невинность чтить умеет,—
Злодеев презирать на самых тронах смеет;
Кто клятву сохраняет свято,
Страшится слабых поражать,
И лихвою презренной злато
Свое не тщится умножать;
Кто на суде своем едину правду любит
И за принос даров убогого не губит;
Кто с сих путей не совратится
И сердце право соблюдет,
Тот, боже, в твой чертог вселится,
Твоей увидит славы свет —
И там, земных сует оставя скоротечность,
В чистейших радостях он вкусит сладку вечность..]]></text>
</doc>
