<doc>
  <source auto="true" type="str" verify="true"><![CDATA[https://rustih.ru/bella-axmadulina-na-beregu-to-l-nochi-to-li-dnya/]]></source>
  <category auto="true" type="str" verify="true"><![CDATA[Стихи]]></category>
  <author auto="true" type="str" verify="true"><![CDATA[Белла Ахмадулина]]></author>
  <title auto="true" type="str" verify="true"><![CDATA[На берегу то ль ночи, то ли дня]]></title>
  <text auto="true" type="str" verify="true"><![CDATA[На берегу то ль ночи, то ли дня,
над бездною юдоли, полной муки,
за то, что не отринули меня,
благодарю вас, доли и дудуки.]]></text>
</doc>
