<doc>
  <source auto="true" type="str" verify="true"><![CDATA[https://rustih.ru/omar-xajyam-bud-miloserdna-zhizn-moj-vinocherpij-zloj/]]></source>
  <category auto="true" type="str" verify="true"><![CDATA[Рубаи]]></category>
  <author auto="true" type="str" verify="true"><![CDATA[Омар Хайям]]></author>
  <title auto="true" type="str" verify="true"><![CDATA[Будь милосердна, жизнь, мой виночерпий злой]]></title>
  <text auto="true" type="str" verify="true"><![CDATA[Будь милосердна, жизнь, мой виночерпий злой!
Мне лжи, бездушия и подлости отстой
Довольно подливать! Поистине, из кубка
Готов я выплеснуть напиток горький твой.]]></text>
</doc>
