<doc>
  <source auto="true" type="str" verify="true"><![CDATA[https://rustih.ru/bella-axmadulina-medlitelnost/]]></source>
  <category auto="true" type="str" verify="true"><![CDATA[Стихи]]></category>
  <author auto="true" type="str" verify="true"><![CDATA[Белла Ахмадулина]]></author>
  <title auto="true" type="str" verify="true"><![CDATA[Медлительность]]></title>
  <text auto="true" type="str" verify="true"><![CDATA[Замечаю: душа не прочна
и прервется. Но как не заметить,
что не надо, пора не пришла
торопиться, есть время помедлить.]]></text>
</doc>
