<doc>
  <source auto="true" type="str" verify="true"><![CDATA[https://rustih.ru/bella-axmadulina-na-naberezhnoj/]]></source>
  <category auto="true" type="str" verify="true"><![CDATA[Стихи]]></category>
  <author auto="true" type="str" verify="true"><![CDATA[Белла Ахмадулина]]></author>
  <title auto="true" type="str" verify="true"><![CDATA[На набережной]]></title>
  <text auto="true" type="str" verify="true"><![CDATA[Я в семь часов иду — так повелось —
по набережной, в направленье дома,
и продавец лукавый папирос
мне смотрит вслед задумчиво и долго.]]></text>
</doc>
