<doc>
  <source auto="true" type="str" verify="true"><![CDATA[https://rustih.ru/omar-xajyam-vy-v-doroge-lyubvi-ne-gonite-konya/]]></source>
  <category auto="true" type="str" verify="true"><![CDATA[Рубаи]]></category>
  <author auto="true" type="str" verify="true"><![CDATA[Омар Хайям]]></author>
  <title auto="true" type="str" verify="true"><![CDATA[Вы в дороге любви не гоните коня]]></title>
  <text auto="true" type="str" verify="true"><![CDATA[Вы в дороге любви не гоните коня —
Вы падете без сил к окончанию дня.
Не кляните того, кто измучен любовью,-
Вы не в силах постичь жар чужого огня.]]></text>
</doc>
