<doc>
  <source auto="true" type="str" verify="true"><![CDATA[https://rustih.ru/bella-axmadulina-kak-v-kaspijskoj-vode-iznyvaet-losos/]]></source>
  <category auto="true" type="str" verify="true"><![CDATA[Стихи]]></category>
  <author auto="true" type="str" verify="true"><![CDATA[Белла Ахмадулина]]></author>
  <title auto="true" type="str" verify="true"><![CDATA[Как в Каспийской воде изнывает лосось]]></title>
  <text auto="true" type="str" verify="true"><![CDATA[Как в Каспийской воде изнывает лосось,
на камнях добывает ушибы и раны
и тоскует о том, что кипело, неслось,
и туманилось, и называлось: Арагви, —
так тянусь я к тебе, о возлюбленный край!
Отчий край, приюти в твоем будущем русле
мою душу-вместилище скорби и ран.
Помещусь ли я в искре твоей, помещусь ли?]]></text>
</doc>
