<doc>
  <source auto="true" type="str" verify="true"><![CDATA[https://rustih.ru/bella-axmadulina-zavidna-mne-izvechnaya-privychka/]]></source>
  <category auto="true" type="str" verify="true"><![CDATA[Стихи]]></category>
  <author auto="true" type="str" verify="true"><![CDATA[Белла Ахмадулина]]></author>
  <title auto="true" type="str" verify="true"><![CDATA[Завидна мне извечная привычка]]></title>
  <text auto="true" type="str" verify="true"><![CDATA[Завидна мне извечная привычка
быть женщиной и мужнею женою,
но уж таков присмотр небес за мною,
что ничего из этого не вышло.]]></text>
</doc>
