<doc>
  <source auto="true" type="str" verify="true"><![CDATA[https://rustih.ru/bella-axmadulina-zhazhdesh-uzret-eto-neobxodimo/]]></source>
  <category auto="true" type="str" verify="true"><![CDATA[Стихи]]></category>
  <author auto="true" type="str" verify="true"><![CDATA[Белла Ахмадулина]]></author>
  <title auto="true" type="str" verify="true"><![CDATA[Жаждешь узреть, это необходимо]]></title>
  <text auto="true" type="str" verify="true"><![CDATA[Жаждешь узреть — это необходимо —
(необходимо? зачем? почему?) —
жаждешь узреть и собрать воедино
все, что известно уму твоему.]]></text>
</doc>
