<doc>
  <source auto="true" type="str" verify="true"><![CDATA[https://rustih.ru/ivan-krylov-leshhi-basnya/]]></source>
  <category auto="true" type="str" verify="true"><![CDATA[Басни]]></category>
  <author auto="true" type="str" verify="true"><![CDATA[Иван Крылов]]></author>
  <title auto="true" type="str" verify="true"><![CDATA[Лещи (Басня)]]></title>
  <text auto="true" type="str" verify="true"><![CDATA[В саду у барина в пруде,
В прекрасной ключевой воде,
Лещи водились.
Станицами они у берегу резвились,
И золотые дни, казалось им, катились.
Как вдруг
К ним барин напустить велел с полсотни щук.
«Помилуй!» говорит его, то слыша, друг:
«Помилуй; что ты затеваешь?
Какого ждать от щук добра:
Ведь не останется Лещей здесь ни пера.
Иль жадности ты щук не знаешь?» —
«Не трать своих речей»,
Боярин отвечал с улыбкою: «всё знаю;
Да только ведать я желаю,
С чего ты взял, что я охотник до Лещей?»]]></text>
</doc>
