<doc>
  <source auto="true" type="str" verify="true"><![CDATA[https://rustih.ru/bella-axmadulina-aprel/]]></source>
  <category auto="true" type="str" verify="true"><![CDATA[Стихи]]></category>
  <author auto="true" type="str" verify="true"><![CDATA[Белла Ахмадулина]]></author>
  <title auto="true" type="str" verify="true"><![CDATA[Апрель]]></title>
  <text auto="true" type="str" verify="true"><![CDATA[Вот девочки — им хочется любви.
Вот мальчики — им хочется в походы.
В апреле изменения погоды
объединяют всех людей с людьми.]]></text>
</doc>
