<doc>
  <source auto="true" type="str" verify="true"><![CDATA[https://rustih.ru/bella-axmadulina-dekabr/]]></source>
  <category auto="true" type="str" verify="true"><![CDATA[Стихи]]></category>
  <author auto="true" type="str" verify="true"><![CDATA[Белла Ахмадулина]]></author>
  <title auto="true" type="str" verify="true"><![CDATA[Декабрь]]></title>
  <text auto="true" type="str" verify="true"><![CDATA[Мы соблюдаем правила зимы.
Играем мы, не уступая смеху,
и, придавая очертанья снегу,
приподнимаем белый снег с земли.]]></text>
</doc>
