<doc>
  <source auto="true" type="str" verify="true"><![CDATA[https://rustih.ru/omar-xajyam-bogatstvom-ne-zamenit-uma/]]></source>
  <category auto="true" type="str" verify="true"><![CDATA[Рубаи]]></category>
  <author auto="true" type="str" verify="true"><![CDATA[Омар Хайям]]></author>
  <title auto="true" type="str" verify="true"><![CDATA[Богатством не заменить ума]]></title>
  <text auto="true" type="str" verify="true"><![CDATA[Богатством, — слова нет, — не заменить ума,
Но неимущему и рай земной — тюрьма.
Фиалка нищая склоняет лик, а роза
Смеется: золотом полна ее сума.]]></text>
</doc>
