<doc>
  <source auto="true" type="str" verify="true"><![CDATA[https://rustih.ru/omar-xajyam-vse-te-chto-nekogda-shumya-syuda-prishli/]]></source>
  <category auto="true" type="str" verify="true"><![CDATA[Рубаи]]></category>
  <author auto="true" type="str" verify="true"><![CDATA[Омар Хайям]]></author>
  <title auto="true" type="str" verify="true"><![CDATA[Все те, что некогда, шумя, сюда пришли]]></title>
  <text auto="true" type="str" verify="true"><![CDATA[Все те, что некогда, шумя, сюда пришли
И обезумели от радостей земли, —
Пригубили вина, потом умолкли сразу
И в лоно вечного забвения легли.]]></text>
</doc>
