<doc>
  <source auto="true" type="str" verify="true"><![CDATA[https://rustih.ru/bella-axmadulina-mne-vspominat-spodruchnej-chem-imet/]]></source>
  <category auto="true" type="str" verify="true"><![CDATA[Стихи]]></category>
  <author auto="true" type="str" verify="true"><![CDATA[Белла Ахмадулина]]></author>
  <title auto="true" type="str" verify="true"><![CDATA[Мне вспоминать сподручней, чем иметь]]></title>
  <text auto="true" type="str" verify="true"><![CDATA[Мне вспоминать сподручней, чем иметь.
Когда сей миг и прошлое мгновенье
соединятся, будто медь и медь,
их общий звук и есть стихотворенье.]]></text>
</doc>
