<doc>
  <source auto="true" type="str" verify="true"><![CDATA[https://rustih.ru/omar-xajyam-vstan-ot-sna-noch-dlya-tainstv-lyubvi-sozdana/]]></source>
  <category auto="true" type="str" verify="true"><![CDATA[Рубаи]]></category>
  <author auto="true" type="str" verify="true"><![CDATA[Омар Хайям]]></author>
  <title auto="true" type="str" verify="true"><![CDATA[Встань от сна, Ночь для таинств любви создана]]></title>
  <text auto="true" type="str" verify="true"><![CDATA[Встань от сна! Ночь для таинств любви создана,
Для метаний у дома любимой дана!
Где есть двери — они запираются на ночь,
Только дверь у влюбленных — открыта она!]]></text>
</doc>
