<doc>
  <source auto="true" type="str" verify="true"><![CDATA[https://rustih.ru/bella-axmadulina-vse-eto-nado-pereshit/]]></source>
  <category auto="true" type="str" verify="true"><![CDATA[Стихи]]></category>
  <author auto="true" type="str" verify="true"><![CDATA[Белла Ахмадулина]]></author>
  <title auto="true" type="str" verify="true"><![CDATA[Все это надо перешить]]></title>
  <text auto="true" type="str" verify="true"><![CDATA[— Все это надо перешить, —
сказал портной, — ведь дело к маю.
-Все это надо пережить-
сказала я, — я понимаю.]]></text>
</doc>
