<doc>
  <source auto="true" type="str" verify="true"><![CDATA[https://rustih.ru/omar-xajyam-vchera-zhelannyj-drug-kto-mne-prines-tebya/]]></source>
  <category auto="true" type="str" verify="true"><![CDATA[Рубаи]]></category>
  <author auto="true" type="str" verify="true"><![CDATA[Омар Хайям]]></author>
  <title auto="true" type="str" verify="true"><![CDATA[Вчера, желанный друг, кто мне принес тебя]]></title>
  <text auto="true" type="str" verify="true"><![CDATA[Вчера, желанный друг, кто мне принес тебя?
В мой одинокий круг — кто мне принес тебя?
Несчастный без тебя пылал в огне, но свежим
Пахнуло ветром вдруг!.. Кто мне принес тебя?]]></text>
</doc>
