<doc>
  <source auto="true" type="str" verify="true"><![CDATA[https://rustih.ru/ivan-krylov-lyagushka-i-yupiter/]]></source>
  <category auto="true" type="str" verify="true"><![CDATA[Басни]]></category>
  <author auto="true" type="str" verify="true"><![CDATA[Иван Крылов]]></author>
  <title auto="true" type="str" verify="true"><![CDATA[Лягушка и Юпитер]]></title>
  <text auto="true" type="str" verify="true"><![CDATA[Живущая в болоте, под горой,
Лягушка на гору весной
Переселилась;
Нашла там тинистый в лощинке уголок
И завела домок
Под кустиком, в тени, меж травки, как раёк.
Однако ж им она недолго веселилась.
Настало лето, с ним жары,
И дачи Квакушки так сделалися сухи,
Что, ног не замоча, по ним бродили мухи.
«О, боги!» молится Лягушка из норы:
«Меня вы, бедную, не погубите,
И землю вровень хоть с горою затопите:
Чтобы в моих поместьях никогда
Не высыхала бы вода!»
Лягушка вопит без умолку,
И наконец Юпитера бранит,
Что нету в нем ни жалости, ни толку.
«Безумная!» Юпитер говорит
(Знать, не был он тогда сердит):
«Как квакать попусту тебе охота!
И чем мне для твоих затей
Перетопить людей,
Не лучше ль вниз тебе стащиться до болота?»
На свете много мы таких людей найдем,
Которым всё, кроме себя, постыло,
И кои думают, лишь мне бы ладно было,
А там весь свет гори огнем.]]></text>
</doc>
