<doc>
  <source auto="true" type="str" verify="true"><![CDATA[https://rustih.ru/bella-axmadulina-o-milaya/]]></source>
  <category auto="true" type="str" verify="true"><![CDATA[Стихи]]></category>
  <author auto="true" type="str" verify="true"><![CDATA[Белла Ахмадулина]]></author>
  <title auto="true" type="str" verify="true"><![CDATA[О милая]]></title>
  <text auto="true" type="str" verify="true"><![CDATA[«О милая!»-так я хотел назвать
ту, что мила, но не была мне милой.
Я возжелал свободы легкокрылой,
снедал меня ее пустой азарт.]]></text>
</doc>
