<doc>
  <source auto="true" type="str" verify="true"><![CDATA[https://rustih.ru/bella-axmadulina-begstvo-ot-tebya-v-mcxetu/]]></source>
  <category auto="true" type="str" verify="true"><![CDATA[Стихи]]></category>
  <author auto="true" type="str" verify="true"><![CDATA[Белла Ахмадулина]]></author>
  <title auto="true" type="str" verify="true"><![CDATA[Бегство от тебя в Мцхету]]></title>
  <text auto="true" type="str" verify="true"><![CDATA[О, как дожди в то лето лили!
А я бежал от нас двоих.
Я помню мертвенные лики
старух молящихся,
до них —
о, не было до них мне дела,
их вид меня не поражал.
Я помню лишь, как ты глядела,
как улыбалась… Я бежал!
И здесь, в старинной Мцхете вещей,
смеялся я, от солнца слеп,
но в этой клинописи вечной
твоей руки я видел след,
ты здесь играла, рисовала,
ты и тогда была умна
и камням этим раздавала
иероглифы и имена.]]></text>
</doc>
