<doc>
  <source auto="true" type="str" verify="true"><![CDATA[https://rustih.ru/omar-xajyam-v-bozhij-xram-ne-puskajte-menya-na-porog/]]></source>
  <category auto="true" type="str" verify="true"><![CDATA[Рубаи]]></category>
  <author auto="true" type="str" verify="true"><![CDATA[Омар Хайям]]></author>
  <title auto="true" type="str" verify="true"><![CDATA[В божий храм не пускайте меня на порог]]></title>
  <text auto="true" type="str" verify="true"><![CDATA[В божий храм не пускайте меня на порог.
Я — безбожник. Таким сотворил меня бог.
Я подобен блуднице, чья вера — порок.
Рады б грешники в рай — да не знают дорог.]]></text>
</doc>
