<doc>
  <source auto="true" type="str" verify="true"><![CDATA[https://rustih.ru/ivan-krylov-volk-i-myshonok-basnya/]]></source>
  <category auto="true" type="str" verify="true"><![CDATA[Басни]]></category>
  <author auto="true" type="str" verify="true"><![CDATA[Иван Крылов]]></author>
  <title auto="true" type="str" verify="true"><![CDATA[Волк и мышонок (Басня)]]></title>
  <text auto="true" type="str" verify="true"><![CDATA[Из стада серый Волк
В лес овцу затащил, в укромный уголок,
Уж разумеется, не в гости:
Овечку бедную обжора ободрал,
И так ее он убирал,
Что на зубах хрустели кости.
Но как ни жаден был, а съесть всего не мог;
Оставил к ужину запас и подле лёг
Понежиться, вздохнуть от жирного обеда.
Вот, близкого его соседа,
Мышонка запахом пирушки привлекло.
Меж мхов и кочек он тихохонько подкрался,
Схватил кусок мясца — и с ним скорей убрался
К себе домой, в дупло.
Увидя похищенье,
Волк мой
По лесу поднял вой;
Кричит он: «Караул! разбой!
Держите вора! Разоренье:
Расхитили мое именье!»
Такое ж в городе я видел приключенье:
У Климыча судьи часишки вор стянул,
И он кричит на вора: караул![1]]]></text>
</doc>
