<doc>
  <source auto="true" type="str" verify="true"><![CDATA[https://rustih.ru/bella-axmadulina-metel-i-ozhidanie-elki/]]></source>
  <category auto="true" type="str" verify="true"><![CDATA[Стихи]]></category>
  <author auto="true" type="str" verify="true"><![CDATA[Белла Ахмадулина]]></author>
  <title auto="true" type="str" verify="true"><![CDATA[Метель и ожидание елки]]></title>
  <text auto="true" type="str" verify="true"><![CDATA[Благоволите, сестра и сестра,
дочери Елизавета и Анна,
не шелохнуться! О, как еще рано,
как неподвижен канун волшебства!
Елизавета и Анна, ни-ни,
не понукайте мгновенья, покуда
медленный бег неизбежного чуда
сам не настигнет крыла беготни.]]></text>
</doc>
