<doc>
  <source auto="true" type="str" verify="true"><![CDATA[https://rustih.ru/omar-xajyam-den-kazhdyj-uslazhdaj-vinom/]]></source>
  <category auto="true" type="str" verify="true"><![CDATA[Рубаи]]></category>
  <author auto="true" type="str" verify="true"><![CDATA[Омар Хайям]]></author>
  <title auto="true" type="str" verify="true"><![CDATA[День каждый услаждай вином]]></title>
  <text auto="true" type="str" verify="true"><![CDATA[День каждый услаждай вином, — нет, каждый час:
Ведь может лишь оно мудрее сделать нас,
Когда бы некогда Ивлис вина напился,
Перед Адамом он склонился б двести раз.]]></text>
</doc>
