<doc>
  <source auto="true" type="str" verify="true"><![CDATA[https://rustih.ru/bella-axmadulina-moj-paolo-i-moj-tician/]]></source>
  <category auto="true" type="str" verify="true"><![CDATA[Стихи]]></category>
  <author auto="true" type="str" verify="true"><![CDATA[Белла Ахмадулина]]></author>
  <title auto="true" type="str" verify="true"><![CDATA[Мой Паоло и мой Тициан]]></title>
  <text auto="true" type="str" verify="true"><![CDATA[Склон Удзо высокой луной осиян.
Что там происходит? Размолвка, помолвка
у соловьев? Как поют, Тициан!
Как майская ночь неоглядна, Паоло!]]></text>
</doc>
