<doc>
  <source auto="true" type="str" verify="true"><![CDATA[https://rustih.ru/ivan-krylov-pesnya-s-francuzskoj-petits-chagrins-de-temps-en-temps/]]></source>
  <category auto="true" type="str" verify="true"><![CDATA[Басни]]></category>
  <author auto="true" type="str" verify="true"><![CDATA[Иван Крылов]]></author>
  <title auto="true" type="str" verify="true"><![CDATA[Песня (с французской «Petits chagrins de temps en temps»)]]></title>
  <text auto="true" type="str" verify="true"><![CDATA[Печали малые даны,—
Чтоб радостям придать цены;
Нередко о пустом, случится,
Сердечко бедное крушится,
В тоске, в слезах лишается утех,
А после всё выходит смех.
Девица, страстию горя
И тайне сердца изменя,
Признанье в бездну скрыть желает
И за порок его считает;
В тоске, в слезах лишается утех.
А после всё выходит смех.
У Лизы милых боле нет;
Сестра — вдова в шестнадцать лет;
Скучают обе жить на свете,
И смерть одна у них в предмете;
В тоске, в слезах лишаются утех,
А после всё выходит смех.]]></text>
</doc>
