<doc>
  <source auto="true" type="str" verify="true"><![CDATA[https://rustih.ru/bella-axmadulina-zhilos-mne-veselo-i-shibko/]]></source>
  <category auto="true" type="str" verify="true"><![CDATA[Стихи]]></category>
  <author auto="true" type="str" verify="true"><![CDATA[Белла Ахмадулина]]></author>
  <title auto="true" type="str" verify="true"><![CDATA[Жилось мне весело и шибко]]></title>
  <text auto="true" type="str" verify="true"><![CDATA[Жилось мне весело и шибко.
Ты шел в заснеженном плаще,
и вдруг зеленый ветер шипра
вздымал косынку на плече.
А был ты мне ни друг, ни недруг.
Но вот бревно. Под ним река.
В реке, в ее ноябрьских недрах,
займется пламенем рука.]]></text>
</doc>
