<doc>
  <source auto="true" type="str" verify="true"><![CDATA[https://rustih.ru/omar-xajyam-vse-projdet-i-nadezhdy-zerno-ne-vzojdet/]]></source>
  <category auto="true" type="str" verify="true"><![CDATA[Рубаи]]></category>
  <author auto="true" type="str" verify="true"><![CDATA[Омар Хайям]]></author>
  <title auto="true" type="str" verify="true"><![CDATA[Все пройдет, и надежды зерно не взойдет]]></title>
  <text auto="true" type="str" verify="true"><![CDATA[Все пройдет — и надежды зерно не взойдет,
Все, что ты накопил, ни за грош пропадет.
Если ты не поделишься вовремя с другом —
Все твое достоянье врагу отойдет.]]></text>
</doc>
