<doc>
  <source auto="true" type="str" verify="true"><![CDATA[https://rustih.ru/omar-xajyam-dazhe-samye-svetlye-v-mire-umy/]]></source>
  <category auto="true" type="str" verify="true"><![CDATA[Рубаи]]></category>
  <author auto="true" type="str" verify="true"><![CDATA[Омар Хайям]]></author>
  <title auto="true" type="str" verify="true"><![CDATA[Даже самые светлые в мире умы]]></title>
  <text auto="true" type="str" verify="true"><![CDATA[Даже самые светлые в мире умы
Не смогли разогнать окружающей тьмы.
Рассказали нам несколько сказочек на ночь —
И отправились мудрые, спать, как и мы.]]></text>
</doc>
