<doc>
  <source auto="true" type="str" verify="true"><![CDATA[https://rustih.ru/omar-xajyam-blagogovejno-chtyat-vezde-stixi-korana/]]></source>
  <category auto="true" type="str" verify="true"><![CDATA[Рубаи]]></category>
  <author auto="true" type="str" verify="true"><![CDATA[Омар Хайям]]></author>
  <title auto="true" type="str" verify="true"><![CDATA[Благоговейно чтят везде стихи корана]]></title>
  <text auto="true" type="str" verify="true"><![CDATA[Благоговейно чтят везде стихи корана,
Но как читают их? Не часто и не рьяно.
Тебя ж, сверкающий вдоль края кубка стих,
Читают вечером, и днем, и утром рано.]]></text>
</doc>
