<doc>
  <source auto="true" type="str" verify="true"><![CDATA[https://rustih.ru/ivan-krylov-martyshka-i-ochki-basnya/]]></source>
  <category auto="true" type="str" verify="true"><![CDATA[Басни]]></category>
  <author auto="true" type="str" verify="true"><![CDATA[Иван Крылов]]></author>
  <title auto="true" type="str" verify="true"><![CDATA[Мартышка и очки (Басня)]]></title>
  <text auto="true" type="str" verify="true"><![CDATA[Мартышка к старости слаба глазами стала;
А у людей она слыхала,
Что это зло еще не так большой руки:
Лишь стоит завести Очки.
Очков с полдюжины себе она достала;
Вертит Очками так и сяк:
То к темю их прижмет, то их на хвост нанижет,
То их понюхает, то их полижет;
Очки не действуют никак.
«Тьфу пропасть! — говорит она, — и тот дурак,
Кто слушает людских всех врак:
Всё про Очки лишь мне налгали;
А проку на-волос нет в них».
Мартышка тут с досады и с печали
О камень так хватила их,
Что только брызги засверкали.]]></text>
</doc>
