<doc>
  <source auto="true" type="str" verify="true"><![CDATA[https://rustih.ru/bella-axmadulina-kamen/]]></source>
  <category auto="true" type="str" verify="true"><![CDATA[Стихи]]></category>
  <author auto="true" type="str" verify="true"><![CDATA[Белла Ахмадулина]]></author>
  <title auto="true" type="str" verify="true"><![CDATA[Камень]]></title>
  <text auto="true" type="str" verify="true"><![CDATA[Я сравнивал. Я точен был в расчетах.
Я применял к предметам власть свою.
Но с тайною стихов неизреченных
что мне поделать? С чем я их сравню?]]></text>
</doc>
