<doc>
  <source auto="true" type="str" verify="true"><![CDATA[https://rustih.ru/bella-axmadulina-mir-sostoit-iz-gor/]]></source>
  <category auto="true" type="str" verify="true"><![CDATA[Стихи]]></category>
  <author auto="true" type="str" verify="true"><![CDATA[Белла Ахмадулина]]></author>
  <title auto="true" type="str" verify="true"><![CDATA[Мир состоит из гор]]></title>
  <text auto="true" type="str" verify="true"><![CDATA[Мир состоит из гор,
из неба и лесов,
мир-это только спор
двух детских голосов.]]></text>
</doc>
