<doc>
  <source auto="true" type="str" verify="true"><![CDATA[https://rustih.ru/ivan-krylov-modnaya-lavka-komediya-v-trex-dejstviyax/]]></source>
  <category auto="true" type="str" verify="true"><![CDATA[Басни]]></category>
  <author auto="true" type="str" verify="true"><![CDATA[Иван Крылов]]></author>
  <title auto="true" type="str" verify="true"><![CDATA[Модная лавка (комедия в трех действиях)]]></title>
  <text auto="true" type="str" verify="true"><![CDATA[Действующие лица
Сумбуров.
Сумбурова, жена его.
Лиза, дочь его от первой жены.
Лестов, любовник ее.
Маша.
Аннушка.
Мадам Каре, француженка, хозяйка лавки.
Мосье Трише, деревенский конторщик.
Андрей, слуга Лестова.
Антропка, слуга Сумбуровых.
Полицейский офицер со служителями.
Действие в модной лавке.]]></text>
</doc>
