<doc>
  <source auto="true" type="str" verify="true"><![CDATA[https://rustih.ru/bella-axmadulina-kogda-nastupit-noch/]]></source>
  <category auto="true" type="str" verify="true"><![CDATA[Стихи]]></category>
  <author auto="true" type="str" verify="true"><![CDATA[Белла Ахмадулина]]></author>
  <title auto="true" type="str" verify="true"><![CDATA[Когда наступит ночь]]></title>
  <text auto="true" type="str" verify="true"><![CDATA[Когда наступит ночь
и вычернит
все камни и цветы вокруг,
когда на небе месяц вычертит
свой точный
неразрывный круг
и склонятся ко сну.
все травы,
все люди,
все живые твари, —
луч месяца соединится
со снегом чистым, молодым,
то белым светом озарится,
то розовым,
то голубым.
Их поцелуй так тих,
отраден
и запахом цветов отравлен.
Лишь палочкою-выручалкой
там птица вдалеке стучит.
Кавкасиони величавый
все видит,
дышит
и молчит.]]></text>
</doc>
