<doc>
  <source auto="true" type="str" verify="true"><![CDATA[https://rustih.ru/omar-xajyam-vse-chto-budet-i-zlo-i-dobro/]]></source>
  <category auto="true" type="str" verify="true"><![CDATA[Рубаи]]></category>
  <author auto="true" type="str" verify="true"><![CDATA[Омар Хайям]]></author>
  <title auto="true" type="str" verify="true"><![CDATA[Все, что будет и зло, и добро]]></title>
  <text auto="true" type="str" verify="true"><![CDATA[Все, что будет: и зло, и добро — пополам —
Предписал нам заранее вечный калам.
Каждый шаг предначертан в небесных скрижалях.
Нету смысла страдать и печалиться нам.]]></text>
</doc>
