<doc>
  <source auto="true" type="str" verify="true"><![CDATA[https://rustih.ru/bella-axmadulina-v-byt-stola-sostoyashhij-iz-yastv-i-gostej/]]></source>
  <category auto="true" type="str" verify="true"><![CDATA[Стихи]]></category>
  <author auto="true" type="str" verify="true"><![CDATA[Белла Ахмадулина]]></author>
  <title auto="true" type="str" verify="true"><![CDATA[В быт стола, состоящий из яств и гостей]]></title>
  <text auto="true" type="str" verify="true"><![CDATA[В быт стола, состоящий из яств и гостей,
в круг стаканов и лиц, в их порядок насущный
я привел твою тень. И для тени твоей —
вот стихи, чтобы слушала. Впрочем, не слушай.]]></text>
</doc>
