<doc>
  <source auto="true" type="str" verify="true"><![CDATA[https://rustih.ru/omar-xajyam-begut-za-migom-mig-i-za-vesnoj-vesna/]]></source>
  <category auto="true" type="str" verify="true"><![CDATA[Рубаи]]></category>
  <author auto="true" type="str" verify="true"><![CDATA[Омар Хайям]]></author>
  <title auto="true" type="str" verify="true"><![CDATA[Бегут за мигом миг и за весной весна]]></title>
  <text auto="true" type="str" verify="true"><![CDATA[Бегут за мигом миг и за весной весна;
Не проводи же их без песни и вина.
Ведь в царстве бытия нет блага выше жизни, —
Как проведешь ее, так и пройдет она.]]></text>
</doc>
