<doc>
  <source auto="true" type="str" verify="true"><![CDATA[https://rustih.ru/bella-axmadulina-komnata/]]></source>
  <category auto="true" type="str" verify="true"><![CDATA[Стихи]]></category>
  <author auto="true" type="str" verify="true"><![CDATA[Белла Ахмадулина]]></author>
  <title auto="true" type="str" verify="true"><![CDATA[Комната]]></title>
  <text auto="true" type="str" verify="true"><![CDATA[Поступок неба — снегопад.
Поступок женщины — рыданье.
Капризов двух и двух услад
вот совпаденье и свиданье.]]></text>
</doc>
