<doc>
  <source auto="true" type="str" verify="true"><![CDATA[https://rustih.ru/omar-xajyam-v-glubi-nebes/]]></source>
  <category auto="true" type="str" verify="true"><![CDATA[Рубаи]]></category>
  <author auto="true" type="str" verify="true"><![CDATA[Омар Хайям]]></author>
  <title auto="true" type="str" verify="true"><![CDATA[В глуби небес]]></title>
  <text auto="true" type="str" verify="true"><![CDATA[В глуби небес — бокал, невидимый для глаз;
Он уготован там для каждого из нас.
Поэтому, мой друг, к его краям устами
Прильни безропотно, когда придет твой час.]]></text>
</doc>
