<doc>
  <source auto="true" type="str" verify="true"><![CDATA[https://rustih.ru/omar-xajyam-v-svoj-chas-gorit-na-nebe-luchistyx-zvezd-venec/]]></source>
  <category auto="true" type="str" verify="true"><![CDATA[Рубаи]]></category>
  <author auto="true" type="str" verify="true"><![CDATA[Омар Хайям]]></author>
  <title auto="true" type="str" verify="true"><![CDATA[В свой час горит на небе лучистых звезд венец]]></title>
  <text auto="true" type="str" verify="true"><![CDATA[В свой час горит на небе лучистых звезд венец,
Восходит и заходит и меркнет наконец.
За пазухой у неба, в карманах у земли
Запас рождений новых… Ведь вечно жив Творец.]]></text>
</doc>
