<doc>
  <source auto="true" type="str" verify="true"><![CDATA[https://rustih.ru/bella-axmadulina-brat-moj-dlya-penya-prishli-ne-dlya-rasprej/]]></source>
  <category auto="true" type="str" verify="true"><![CDATA[Стихи]]></category>
  <author auto="true" type="str" verify="true"><![CDATA[Белла Ахмадулина]]></author>
  <title auto="true" type="str" verify="true"><![CDATA[Брат мой, для пенья пришли, не для распрей]]></title>
  <text auto="true" type="str" verify="true"><![CDATA[Брат мой, для пенья пришли, не для распрей,
для преклоненья колен пред землею,
для восклицанья:
— Прекрасная, здравствуй,
жизнь моя, ты обожаема мною!]]></text>
</doc>
