<doc>
  <source auto="true" type="str" verify="true"><![CDATA[https://rustih.ru/bella-axmadulina-i-otstoyav-za-upokoj/]]></source>
  <category auto="true" type="str" verify="true"><![CDATA[Стихи]]></category>
  <author auto="true" type="str" verify="true"><![CDATA[Белла Ахмадулина]]></author>
  <title auto="true" type="str" verify="true"><![CDATA[И отстояв за упокой]]></title>
  <text auto="true" type="str" verify="true"><![CDATA[…И отстояв за упокой
в осенний день обыкновенный,
вдруг все поймут, что перемены
не совершилось никакой.]]></text>
</doc>
