<doc>
  <source auto="true" type="str" verify="true"><![CDATA[https://rustih.ru/bella-axmadulina-on-popravlyaet-pistolet/]]></source>
  <category auto="true" type="str" verify="true"><![CDATA[Стихи]]></category>
  <author auto="true" type="str" verify="true"><![CDATA[Белла Ахмадулина]]></author>
  <title auto="true" type="str" verify="true"><![CDATA[Он поправляет пистолет]]></title>
  <text auto="true" type="str" verify="true"><![CDATA[Он поправляет пистолет,
свеча качнулась, продержалась…
Как тяжело он постарел,
как долго это продолжалось.]]></text>
</doc>
