<doc>
  <source auto="true" type="str" verify="true"><![CDATA[https://rustih.ru/bella-axmadulina-gromche-shelesti/]]></source>
  <category auto="true" type="str" verify="true"><![CDATA[Стихи]]></category>
  <author auto="true" type="str" verify="true"><![CDATA[Белла Ахмадулина]]></author>
  <title auto="true" type="str" verify="true"><![CDATA[Громче шелести]]></title>
  <text auto="true" type="str" verify="true"><![CDATA[Громче шелести, осина,
громче, мать-земля, гуди.
Живы мы!
И зло и сильно
сердце прыгает в груди.
Лес!
У нас есть листья,
губы —
целоваться,
говорить.
О, гуди — пусть эти гуды
будут в воздухе бродить!]]></text>
</doc>
