<doc>
  <source auto="true" type="str" verify="true"><![CDATA[https://rustih.ru/ivan-krylov-lisica-i-vinograd-basnya/]]></source>
  <category auto="true" type="str" verify="true"><![CDATA[Басни]]></category>
  <author auto="true" type="str" verify="true"><![CDATA[Иван Крылов]]></author>
  <title auto="true" type="str" verify="true"><![CDATA[Лисица и виноград (Басня)]]></title>
  <text auto="true" type="str" verify="true"><![CDATA[Голодная кума Лиса залезла в сад,
В нем винограду кисти рделись.
У кумушки глаза и зубы разгорелись;
А кисти сочные как яхонты горят;
Лишь то беда, висят они высоко:
Отколь и как она к ним ни зайдет,
Хоть видит око,
Да зуб неймет.
Пробившись попусту час целой,
Пошла и говорит с досадою: «Ну, что ж!
На взгляд-то он хорош,
Да зелен — ягодки нет зрелой:
Тотчас оскомину набьешь».]]></text>
</doc>
