<doc>
  <source auto="true" type="str" verify="true"><![CDATA[https://rustih.ru/bella-axmadulina-zelenyj-lug-vsemu-nachalo/]]></source>
  <category auto="true" type="str" verify="true"><![CDATA[Стихи]]></category>
  <author auto="true" type="str" verify="true"><![CDATA[Белла Ахмадулина]]></author>
  <title auto="true" type="str" verify="true"><![CDATA[Зеленый луг всему начало]]></title>
  <text auto="true" type="str" verify="true"><![CDATA[Зеленый луг — всему начало,
он — всех, кто есть, и все ж — ничей.
И, музыку обозначая,
растет цветок-виолончель.]]></text>
</doc>
