<doc>
  <source auto="true" type="str" verify="true"><![CDATA[https://rustih.ru/bella-axmadulina-zimnyaya-zamknutost/]]></source>
  <category auto="true" type="str" verify="true"><![CDATA[Стихи]]></category>
  <author auto="true" type="str" verify="true"><![CDATA[Белла Ахмадулина]]></author>
  <title auto="true" type="str" verify="true"><![CDATA[Зимняя замкнутость]]></title>
  <text auto="true" type="str" verify="true"><![CDATA[Странный гость побывал у меня в феврале.
Снег занес, мою крышу еще — в январе,
предоставив мне замкнутость дум и деяний.
Я жила взаперти, как огонь в фонаре
или как насекомое, что в янтаре
уместилось в простор тесноты идеальной.]]></text>
</doc>
