<doc>
  <source auto="true" type="str" verify="true"><![CDATA[https://rustih.ru/bella-axmadulina-pejzazh/]]></source>
  <category auto="true" type="str" verify="true"><![CDATA[Стихи]]></category>
  <author auto="true" type="str" verify="true"><![CDATA[Белла Ахмадулина]]></author>
  <title auto="true" type="str" verify="true"><![CDATA[Пейзаж]]></title>
  <text auto="true" type="str" verify="true"><![CDATA[Еще ноябрь, а благодать
уж сыплется, уж смотрит с неба.
Иду и хоронюсь от света,
чтоб тенью снег не утруждать.]]></text>
</doc>
