<doc>
  <source auto="true" type="str" verify="true"><![CDATA[https://rustih.ru/omar-xajyam-glinu-moyu-zamesil-moj-tvorec/]]></source>
  <category auto="true" type="str" verify="true"><![CDATA[Рубаи]]></category>
  <author auto="true" type="str" verify="true"><![CDATA[Омар Хайям]]></author>
  <title auto="true" type="str" verify="true"><![CDATA[Глину мою замесил мой творец]]></title>
  <text auto="true" type="str" verify="true"><![CDATA[Глину мою замесил мой творец, что я поделать могу?
Пряжу он выпрял и ткань мою сшил, что я поделать могу?
Зло ли вершу я, творю ли добро — все, что ни делаю я,
Все за меня он давно предрешил, — что я поделать могу?]]></text>
</doc>
