<doc>
  <source auto="true" type="str" verify="true"><![CDATA[https://rustih.ru/ivan-krylov-nedovolnyj-gostmi-stixotvorec/]]></source>
  <category auto="true" type="str" verify="true"><![CDATA[Басни]]></category>
  <author auto="true" type="str" verify="true"><![CDATA[Иван Крылов]]></author>
  <title auto="true" type="str" verify="true"><![CDATA[Недовольный гостьми стихотворец]]></title>
  <text auto="true" type="str" verify="true"><![CDATA[У Рифмохвата
Случилося гостей полна палата;
Но он, имея много дум,
На прозе и стихах помешанный свой ум,
И быв душей немного болен,
Гостьми не очень был доволен;
И спрашивал меня: «Как горю пособить,
Чтоб их скорее проводить?
Взбеситься надобно, коль в доме их оставить,
А честно их нельзя отправить
Из дома вон».
Но только зачал лишь читать свою он оду,
Не стало вмиг народу,
И при втором стихе один остался он.]]></text>
</doc>
