<doc>
  <source auto="true" type="str" verify="true"><![CDATA[https://rustih.ru/omar-xajyam-bog-daet-bog-beret/]]></source>
  <category auto="true" type="str" verify="true"><![CDATA[Рубаи]]></category>
  <author auto="true" type="str" verify="true"><![CDATA[Омар Хайям]]></author>
  <title auto="true" type="str" verify="true"><![CDATA[Бог дает, Бог берет]]></title>
  <text auto="true" type="str" verify="true"><![CDATA[Бог дает, Бог берет — вот и весь тебе сказ.
Что к чему — остается загадкой для нас.
Сколько жить, сколько пить — отмеряют на глаз,
Да и то норовят не долить каждый раз.]]></text>
</doc>
