<doc>
  <source auto="true" type="str" verify="true"><![CDATA[https://rustih.ru/omar-xajyam-vinocherpij-bezdonnyj-kuvshin-prigotov/]]></source>
  <category auto="true" type="str" verify="true"><![CDATA[Рубаи]]></category>
  <author auto="true" type="str" verify="true"><![CDATA[Омар Хайям]]></author>
  <title auto="true" type="str" verify="true"><![CDATA[Виночерпий, бездонный кувшин приготовь]]></title>
  <text auto="true" type="str" verify="true"><![CDATA[Виночерпий, бездонный кувшин приготовь!
Пусть без устали хлещет из горлышка кровь.
Эта влага мне стала единственным другом,
Ибо все изменили — и друг, и любовь.]]></text>
</doc>
