<doc>
  <source auto="true" type="str" verify="true"><![CDATA[https://rustih.ru/bella-axmadulina-persikovoe-derevo/]]></source>
  <category auto="true" type="str" verify="true"><![CDATA[Стихи]]></category>
  <author auto="true" type="str" verify="true"><![CDATA[Белла Ахмадулина]]></author>
  <title auto="true" type="str" verify="true"><![CDATA[Персиковое дерево]]></title>
  <text auto="true" type="str" verify="true"><![CDATA[Опять смеркается, и надо,
пока не смерклось и светло,
следить за увяданьем сада
сквозь запотевшее окно.]]></text>
</doc>
