<doc>
  <source auto="true" type="str" verify="true"><![CDATA[https://rustih.ru/ivan-krylov-p-n-lvovoj-schastlivy-basenki-moi-v-rukax-tvoix/]]></source>
  <category auto="true" type="str" verify="true"><![CDATA[Басни]]></category>
  <author auto="true" type="str" verify="true"><![CDATA[Иван Крылов]]></author>
  <title auto="true" type="str" verify="true"><![CDATA[П. Н. Львовой (Счастливы басенки мои в руках твоих)]]></title>
  <text auto="true" type="str" verify="true"><![CDATA[Счастливы басенки мои в руках твоих,
Люби и жалуй их,
И если иногда стихи мои не гладки,
Читая их в кругу друзей под вечерок,
Улыбкою своей ты скрадь их недостатки;
И слабые стихи в устах красавиц сладки —
Так мил нам на груди у них простой цветок.]]></text>
</doc>
