<doc>
  <source auto="true" type="str" verify="true"><![CDATA[https://rustih.ru/bella-axmadulina-meri/]]></source>
  <category auto="true" type="str" verify="true"><![CDATA[Стихи]]></category>
  <author auto="true" type="str" verify="true"><![CDATA[Белла Ахмадулина]]></author>
  <title auto="true" type="str" verify="true"><![CDATA[Мери]]></title>
  <text auto="true" type="str" verify="true"><![CDATA[Венчалась Мери в ночь дождей,
и в ночь дождей я проклял Мори.
Не мог я отворить дверей,
восставших между мной и ей,
и я поцеловал те двери.]]></text>
</doc>
