<doc>
  <source auto="true" type="str" verify="true"><![CDATA[https://rustih.ru/omar-xajyam-vrashhayas-svod-nebesnyj-nas-davit-i-gnetet/]]></source>
  <category auto="true" type="str" verify="true"><![CDATA[Рубаи]]></category>
  <author auto="true" type="str" verify="true"><![CDATA[Омар Хайям]]></author>
  <title auto="true" type="str" verify="true"><![CDATA[Вращаясь, свод небесный нас давит и гнетет]]></title>
  <text auto="true" type="str" verify="true"><![CDATA[Вращаясь, свод небесный нас давит и гнетет,
Пустеет мир, и многих друзей недостает.
Чтоб вырвать хоть мгновенье у рока для себя,
Забудь о том, что было, и не гляди вперед.]]></text>
</doc>
