<doc>
  <source auto="true" type="str" verify="true"><![CDATA[https://rustih.ru/omar-xajyam-vlyublennyj-v-gorestyax-lyubvi/]]></source>
  <category auto="true" type="str" verify="true"><![CDATA[Рубаи]]></category>
  <author auto="true" type="str" verify="true"><![CDATA[Омар Хайям]]></author>
  <title auto="true" type="str" verify="true"><![CDATA[Влюбленный! В горестях любви]]></title>
  <text auto="true" type="str" verify="true"><![CDATA[Влюбленный! В горестях любви
На помощь Небо не зови!
Оно, поверь моим словам,
В любви бессильней, чем ты сам.]]></text>
</doc>
