<doc>
  <source auto="true" type="str" verify="true"><![CDATA[https://rustih.ru/omar-xajyam-gora-vina-xlebnuv-i-to-poshla-by-v-plyas/]]></source>
  <category auto="true" type="str" verify="true"><![CDATA[Рубаи]]></category>
  <author auto="true" type="str" verify="true"><![CDATA[Омар Хайям]]></author>
  <title auto="true" type="str" verify="true"><![CDATA[Гора, вина хлебнув, и то пошла бы в пляс]]></title>
  <text auto="true" type="str" verify="true"><![CDATA[Гора, вина хлебнув, и то пошла бы в пляс.
Глупец, кто для вина лишь клевету припас.
Ты говоришь, что мы должны вина чураться?
Вздор! Это дивный дух, что оживляет нас.]]></text>
</doc>
