<doc>
  <source auto="true" type="str" verify="true"><![CDATA[https://rustih.ru/bella-axmadulina-glubokij-nezhnyj-sad/]]></source>
  <category auto="true" type="str" verify="true"><![CDATA[Стихи]]></category>
  <author auto="true" type="str" verify="true"><![CDATA[Белла Ахмадулина]]></author>
  <title auto="true" type="str" verify="true"><![CDATA[Глубокий нежный сад]]></title>
  <text auto="true" type="str" verify="true"><![CDATA[Глубокий нежный сад, впадающий в Оку,
стекающий с горы лавиной многоцветья.
Начнёмте же игру, любезный друг, ау!
Останемся в саду минувшего столетья.]]></text>
</doc>
