<doc>
  <source auto="true" type="str" verify="true"><![CDATA[https://rustih.ru/ivan-krylov-oda-na-sluchaj-fejerverka-sozhzhennogo-15-chisla-sentyabrya-1793-goda-na-caricynskom-lugu-v-sankt-peterburge/]]></source>
  <category auto="true" type="str" verify="true"><![CDATA[Басни]]></category>
  <author auto="true" type="str" verify="true"><![CDATA[Иван Крылов]]></author>
  <title auto="true" type="str" verify="true"><![CDATA[Ода. На случай фейерверка]]></title>
  <text auto="true" type="str" verify="true"><![CDATA[<em>Ода. На случай фейерверка, сожженного 15 числа сентября 1793 года на царицынском лугу в Санкт-Петербурге</em>]]></text>
</doc>
