<doc>
  <source auto="true" type="str" verify="true"><![CDATA[https://rustih.ru/bella-axmadulina-bolezn/]]></source>
  <category auto="true" type="str" verify="true"><![CDATA[Стихи]]></category>
  <author auto="true" type="str" verify="true"><![CDATA[Белла Ахмадулина]]></author>
  <title auto="true" type="str" verify="true"><![CDATA[Болезнь]]></title>
  <text auto="true" type="str" verify="true"><![CDATA[О боль, ты — мудрость. Суть решений
перед тобою так мелка,
и осеняет темный гений
глаз захворавшего зверька.]]></text>
</doc>
