<doc>
  <source auto="true" type="str" verify="true"><![CDATA[https://rustih.ru/bella-axmadulina-monolog-xudozhnika/]]></source>
  <category auto="true" type="str" verify="true"><![CDATA[Стихи]]></category>
  <author auto="true" type="str" verify="true"><![CDATA[Белла Ахмадулина]]></author>
  <title auto="true" type="str" verify="true"><![CDATA[Монолог художника]]></title>
  <text auto="true" type="str" verify="true"><![CDATA[Художник медлит, дело к полдню.
Срок сна его почти истек.
Я голосом моим наполню
его безмолвный монолог.]]></text>
</doc>
