<doc>
  <source auto="true" type="str" verify="true"><![CDATA[https://rustih.ru/ivan-krylov-volk-i-pastuxi/]]></source>
  <category auto="true" type="str" verify="true"><![CDATA[Басни]]></category>
  <author auto="true" type="str" verify="true"><![CDATA[Иван Крылов]]></author>
  <title auto="true" type="str" verify="true"><![CDATA[Волк и Пастухи]]></title>
  <text auto="true" type="str" verify="true"><![CDATA[Волк, близко обходя пастуший двор
И видя, сквозь забор,
Что, выбрав лучшего себе барана в стаде,
Спокойно Пастухи барашка потрошат,
А псы смирнёхонько лежат,
Сам молвил про себя, прочь уходя в досаде:
«Какой бы шум вы все здесь подняли, друзья,
Когда бы это сделал я!»]]></text>
</doc>
