<doc>
  <source auto="true" type="str" verify="true"><![CDATA[https://rustih.ru/bella-axmadulina-domik-okolo-morya/]]></source>
  <category auto="true" type="str" verify="true"><![CDATA[Стихи]]></category>
  <author auto="true" type="str" verify="true"><![CDATA[Белла Ахмадулина]]></author>
  <title auto="true" type="str" verify="true"><![CDATA[Домик около моря]]></title>
  <text auto="true" type="str" verify="true"><![CDATA[Домик около моря. О, ты —
только ты, только я в этом доме.
И невидимой формы цветы
ты приносишь и держишь в ладони.
И один только вид из окна-
море, море вокруг без предела.
Спали мы. И его глубина
подступала и в окна глядела.
Мы бежали к нему по утрам,
и оно нас в себя принимало.
И текло по плечам, по рукам
и легко холодком пронимало.
Нас вода окружала, вода,
литься ей и вовек не пролиться.
И тогда знали мы и тогда,
что недолго все это продлится.
Все смешается: море, и ты,
вся печаль твоя, тайна, » прелесть,
и неведомой формы цветы,
н травы увядающей прелесть.
В каждом слове твоем соловьи
пели, крылышками трепетали..
Были губы твои солоны,
твои волосы низко спадали…
Снова море. И снова бела
кромка пены. И это извечно.
Ты была! В самом деле была
или нет! Это мне неизвестно.]]></text>
</doc>
