<doc>
  <source auto="true" type="str" verify="true"><![CDATA[https://rustih.ru/omar-xajyam-byl-by-ya-blagochestem-proslavitsya-rad/]]></source>
  <category auto="true" type="str" verify="true"><![CDATA[Рубаи]]></category>
  <author auto="true" type="str" verify="true"><![CDATA[Омар Хайям]]></author>
  <title auto="true" type="str" verify="true"><![CDATA[Был бы я благочестьем прославиться рад]]></title>
  <text auto="true" type="str" verify="true"><![CDATA[Был бы я благочестьем прославиться рад,
Был бы рад за грехи не отправиться в ад,
Но божественный сок твоих лоз, виноград,
Для души моей — лучшая из наград!]]></text>
</doc>
