<doc>
  <source auto="true" type="str" verify="true"><![CDATA[https://rustih.ru/omar-xajyam-bespechno-ne-pil-nikogda-ya-chistogo-vina/]]></source>
  <category auto="true" type="str" verify="true"><![CDATA[Рубаи]]></category>
  <author auto="true" type="str" verify="true"><![CDATA[Омар Хайям]]></author>
  <title auto="true" type="str" verify="true"><![CDATA[Беспечно не пил никогда я чистого вина]]></title>
  <text auto="true" type="str" verify="true"><![CDATA[Беспечно не пил никогда я чистого вина,
Пока мне чаша горьких бед была не подана.
И хлеб в солонку не макал, пока не насыщался
Я сердцем собственным своим, сожженным дочерна.]]></text>
</doc>
