<doc>
  <source auto="true" type="str" verify="true"><![CDATA[https://rustih.ru/omar-xajyam-beremenna-dushoyu-plot-bokala/]]></source>
  <category auto="true" type="str" verify="true"><![CDATA[Рубаи]]></category>
  <author auto="true" type="str" verify="true"><![CDATA[Омар Хайям]]></author>
  <title auto="true" type="str" verify="true"><![CDATA[Беременна душою плоть бокала]]></title>
  <text auto="true" type="str" verify="true"><![CDATA[Смотри: беременна душою плоть бокала,
Как если б лилия чревата розой стала,
Нет, это пригоршня текучего огня
В утробе ясного, как горный ключ, кристалла.]]></text>
</doc>
