<doc>
  <source auto="true" type="str" verify="true"><![CDATA[https://rustih.ru/bella-axmadulina-liricheskij-reportazh-s-prospekta-rustaveli/]]></source>
  <category auto="true" type="str" verify="true"><![CDATA[Стихи]]></category>
  <author auto="true" type="str" verify="true"><![CDATA[Белла Ахмадулина]]></author>
  <title auto="true" type="str" verify="true"><![CDATA[Лирический репортаж с проспекта Руставели]]></title>
  <text auto="true" type="str" verify="true"><![CDATA[Ошибся тот, кто думал, что проспект
есть улица. Он влажный брег стихии
страстей и таинств. Туфельки сухие,
чтоб вымокнуть, летят в его просвет.]]></text>
</doc>
