<doc>
  <source auto="true" type="str" verify="true"><![CDATA[https://rustih.ru/bella-axmadulina-opisanie-nochi/]]></source>
  <category auto="true" type="str" verify="true"><![CDATA[Стихи]]></category>
  <author auto="true" type="str" verify="true"><![CDATA[Белла Ахмадулина]]></author>
  <title auto="true" type="str" verify="true"><![CDATA[Описание ночи]]></title>
  <text auto="true" type="str" verify="true"><![CDATA[Глубокий плюш казенного Эдема,
развязный грешник, я взяла себе
и хищно н неопытно владела
углом стола и лампой на столе.]]></text>
</doc>
