<doc>
  <source auto="true" type="str" verify="true"><![CDATA[https://rustih.ru/omar-xajyam-vodoj-nebytiya-zarodysh-moj-vspoen/]]></source>
  <category auto="true" type="str" verify="true"><![CDATA[Рубаи]]></category>
  <author auto="true" type="str" verify="true"><![CDATA[Омар Хайям]]></author>
  <title auto="true" type="str" verify="true"><![CDATA[Водой небытия зародыш мой вспоен]]></title>
  <text auto="true" type="str" verify="true"><![CDATA[Водой небытия зародыш мой вспоен,
Огнем страдания мой мрачный дух зажжен;
Как ветер, я несусь из края в край вселенной
И горсточкой земли окончу жизни сон.]]></text>
</doc>
