<doc>
  <source auto="true" type="str" verify="true"><![CDATA[https://rustih.ru/bella-axmadulina-petergof/]]></source>
  <category auto="true" type="str" verify="true"><![CDATA[Стихи]]></category>
  <author auto="true" type="str" verify="true"><![CDATA[Белла Ахмадулина]]></author>
  <title auto="true" type="str" verify="true"><![CDATA[Петергоф]]></title>
  <text auto="true" type="str" verify="true"><![CDATA[Опять благословенный Петергоф
дождям своим повелевает литься
и бронзовых героев и богов
младенческие умывает лица.]]></text>
</doc>
