<doc>
  <source auto="true" type="str" verify="true"><![CDATA[https://rustih.ru/bella-axmadulina-bog/]]></source>
  <category auto="true" type="str" verify="true"><![CDATA[Стихи]]></category>
  <author auto="true" type="str" verify="true"><![CDATA[Белла Ахмадулина]]></author>
  <title auto="true" type="str" verify="true"><![CDATA[Бог]]></title>
  <text auto="true" type="str" verify="true"><![CDATA[За то, что девочка Настасья
добро чужое стерегла,
босая бегала в ненастье
за водкою для старика, —]]></text>
</doc>
