<doc>
  <source auto="true" type="str" verify="true"><![CDATA[https://rustih.ru/bella-axmadulina-gremskaya-kolokolnya/]]></source>
  <category auto="true" type="str" verify="true"><![CDATA[Стихи]]></category>
  <author auto="true" type="str" verify="true"><![CDATA[Белла Ахмадулина]]></author>
  <title auto="true" type="str" verify="true"><![CDATA[Гремская колокольня]]></title>
  <text auto="true" type="str" verify="true"><![CDATA[Всему дана двойная честь
быть тем и тем:
предмет бывает
тем, что он в самом деле есть,
и тем, что он напоминает.]]></text>
</doc>
