<doc>
  <source auto="true" type="str" verify="true"><![CDATA[https://rustih.ru/omar-xajyam-gde-vy-druzya-gde-volnyj-vash-pripev/]]></source>
  <category auto="true" type="str" verify="true"><![CDATA[Рубаи]]></category>
  <author auto="true" type="str" verify="true"><![CDATA[Омар Хайям]]></author>
  <title auto="true" type="str" verify="true"><![CDATA[Где вы, друзья! Где вольный ваш припев?]]></title>
  <text auto="true" type="str" verify="true"><![CDATA[Где вы, друзья! Где вольный ваш припев?
Еще вчера, за столик наш присев,
Беспечные, вы бражничали с нами…
И прилегли, от жизни охмелев!]]></text>
</doc>
