<doc>
  <source auto="true" type="str" verify="true"><![CDATA[https://rustih.ru/bella-axmadulina-den-poezii/]]></source>
  <category auto="true" type="str" verify="true"><![CDATA[Стихи]]></category>
  <author auto="true" type="str" verify="true"><![CDATA[Белла Ахмадулина]]></author>
  <title auto="true" type="str" verify="true"><![CDATA[День поэзии]]></title>
  <text auto="true" type="str" verify="true"><![CDATA[Какой безумец празднество затеял
и щедро Днем поэзии нарек?
По той дороге, где мой след затерян,
стекается на празднество народ.]]></text>
</doc>
