<doc>
  <source auto="true" type="str" verify="true"><![CDATA[https://rustih.ru/ivan-krylov-vecher/]]></source>
  <category auto="true" type="str" verify="true"><![CDATA[Басни]]></category>
  <author auto="true" type="str" verify="true"><![CDATA[Иван Крылов]]></author>
  <title auto="true" type="str" verify="true"><![CDATA[Вечер]]></title>
  <text auto="true" type="str" verify="true"><![CDATA[Не спеши так, солнце красно,
Скрыть за горы светлый взор!
Не тускней ты, небо ясно!
Не темней, высокий бор!
Дайте мне налюбоваться
На весенние цветы.
Ах! не-больно ль с тем расстаться,
В чем Анюты красоты,
В чем ее душа блистает!
Здесь ее со мною нет;
И мое так сердце тает,
Как в волнах весенний лед.
Нет ее, и здесь туманом
Расстилается тоска.
Блекнут кудри василька,
И на розане румяном
Виден туск издалека.
Тень одна ее зараз
В сих цветах мне здесь отрадна.
Ночь! не будь ты так досадна,
Не скрывай ее от глаз.
Здесь со мною милой нет,
Но взгляни, как расцветает
В розах сих ее портрет!
Тот же в них огонь алеет,
Та ж румяность в них видна:
Так, в полнехотя она
Давши поцелуй, краснеет.
Ах! но розы ли одни
С нею сходством поражают?
Все цветы — здесь все они
Мне ее изображают.
На который ни взгляну —
Погляжу ли на лилеи:
Нежной Аннушкиной шеи
Вижу в них я белизну.
Погляжу ли, как гордится
Ровным стебельком тюльпан:
И тотчас вообразится
Мне Анютин стройный стан.
Погляжу ль… Но солнце скрылось,
И свернулись все цветы;
Их сияние затмилось.
Ночь их скрыла красоты.
Аннушка, мой друг любезный!
Тускнет, тускнет свод небесный,
Тускнет, — но в груди моей,
Ангел мой! твой вид прелестный
Разгорается сильней.
Сердце вдвое крепче бьется,
И по жилам холод льется,—
Грудь стесненную мою
В ней замерший вздох подъемлет,—
Хладный пот с чела я лью.—
Пламень вдруг меня объемлет,—
Аннушка! — душа моя!
Умираю — гасну я!]]></text>
</doc>
