<doc>
  <source auto="true" type="str" verify="true"><![CDATA[https://rustih.ru/bella-axmadulina-na-doroge-v-betaniyu/]]></source>
  <category auto="true" type="str" verify="true"><![CDATA[Стихи]]></category>
  <author auto="true" type="str" verify="true"><![CDATA[Белла Ахмадулина]]></author>
  <title auto="true" type="str" verify="true"><![CDATA[На дороге в Бетанию]]></title>
  <text auto="true" type="str" verify="true"><![CDATA[Шиповник,
смородина,
и черника,
и боярышник иногда.
Дождь прошел…
И привольно и дико
по горам сбегает вода.]]></text>
</doc>
