<doc>
  <source auto="true" type="str" verify="true"><![CDATA[https://rustih.ru/bella-axmadulina-nevesta/]]></source>
  <category auto="true" type="str" verify="true"><![CDATA[Стихи]]></category>
  <author auto="true" type="str" verify="true"><![CDATA[Белла Ахмадулина]]></author>
  <title auto="true" type="str" verify="true"><![CDATA[Невеста]]></title>
  <text auto="true" type="str" verify="true"><![CDATA[Хочу я быть невестой,
красивой, завитой,
под белою навесной
застенчивой фатой.]]></text>
</doc>
