<doc>
  <source auto="true" type="str" verify="true"><![CDATA[https://rustih.ru/omar-xajyam-daj-kosnutsya-lyubimaya-pryadej-gustyx/]]></source>
  <category auto="true" type="str" verify="true"><![CDATA[Рубаи]]></category>
  <author auto="true" type="str" verify="true"><![CDATA[Омар Хайям]]></author>
  <title auto="true" type="str" verify="true"><![CDATA[Дай коснуться, любимая, прядей густых]]></title>
  <text auto="true" type="str" verify="true"><![CDATA[Дай коснуться, любимая, прядей густых,
Эта явь мне милей сновидений любых…
Твои кудри сравню только с сердцем влюбленным,
Так нежны и так трепетны локоны их!]]></text>
</doc>
