<doc>
  <source auto="true" type="str" verify="true"><![CDATA[https://rustih.ru/bella-axmadulina-v-opustevshem-dome-otdyxa/]]></source>
  <category auto="true" type="str" verify="true"><![CDATA[Стихи]]></category>
  <author auto="true" type="str" verify="true"><![CDATA[Белла Ахмадулина]]></author>
  <title auto="true" type="str" verify="true"><![CDATA[В опустевшем доме отдыха]]></title>
  <text auto="true" type="str" verify="true"><![CDATA[Впасть в обморок беспамятства, как плод,
уснувший тихо средь ветвей и грядок,
не сознавать свою живую плоть,
ее чужой и грубый беспорядок.]]></text>
</doc>
