<doc>
  <source auto="true" type="str" verify="true"><![CDATA[https://rustih.ru/ivan-krylov-bumazhnyj-zmej/]]></source>
  <category auto="true" type="str" verify="true"><![CDATA[Басни]]></category>
  <author auto="true" type="str" verify="true"><![CDATA[Иван Крылов]]></author>
  <title auto="true" type="str" verify="true"><![CDATA[Бумажный змей]]></title>
  <text auto="true" type="str" verify="true"><![CDATA[Запущенный под облака,
Бумажный Змей, приметя свысока
В долине мотылька,
«Поверишь ли!- кричит,- чуть-чуть тебя мне видно;
Признайся, что тебе завидно
Смотреть на мой высокий столь полет».-
«Завидно? Право, нет!
Напрасно о себе ты много так мечтаешь!
Хоть высоко, но ты на привязи летаешь.
Такая жизнь, мой свет,
От счастия весьма далеко;
А я, хоть, правда, невысоко,
Зато лечу
Куда хочу;
Да я же так, как ты, в забаву для другого,
Пустого
Век целый не трещу».]]></text>
</doc>
