<doc>
  <source auto="true" type="str" verify="true"><![CDATA[https://rustih.ru/bella-axmadulina-ne-udelyaj-mne-mnogo-vremeni/]]></source>
  <category auto="true" type="str" verify="true"><![CDATA[Стихи]]></category>
  <author auto="true" type="str" verify="true"><![CDATA[Белла Ахмадулина]]></author>
  <title auto="true" type="str" verify="true"><![CDATA[Не уделяй мне много времени]]></title>
  <text auto="true" type="str" verify="true"><![CDATA[Не уделяй мне много времени,
вопросов мне не задавай.
Глазами добрыми и верными
руки моей не задевай.]]></text>
</doc>
