<doc>
  <source auto="true" type="str" verify="true"><![CDATA[https://rustih.ru/omar-xajyam-do-togo-kak-my-chashu-sudby-izopem/]]></source>
  <category auto="true" type="str" verify="true"><![CDATA[Рубаи]]></category>
  <author auto="true" type="str" verify="true"><![CDATA[Омар Хайям]]></author>
  <title auto="true" type="str" verify="true"><![CDATA[До того, как мы чашу судьбы изопьем]]></title>
  <text auto="true" type="str" verify="true"><![CDATA[До того, как мы чашу судьбы изопьем,
Выпьем, милая, чашу иную вдвоем.
Может статься, что сделать глотка перед смертью
Не позволит нам небо в безумье своем.]]></text>
</doc>
