<doc>
  <source auto="true" type="str" verify="true"><![CDATA[https://rustih.ru/bella-axmadulina-iz-stixov-turmana-toreli/]]></source>
  <category auto="true" type="str" verify="true"><![CDATA[Стихи]]></category>
  <author auto="true" type="str" verify="true"><![CDATA[Белла Ахмадулина]]></author>
  <title auto="true" type="str" verify="true"><![CDATA[Из стихов Турмана Торели]]></title>
  <text auto="true" type="str" verify="true"><![CDATA[Грянула буря. На празднестве боли
хаосом крови пролился уют.
Я, ослепленный, метался по бойне,
где убивают, пока не убьют.]]></text>
</doc>
