<doc>
  <source auto="true" type="str" verify="true"><![CDATA[https://rustih.ru/omar-xajyam-v-lyubvi-k-tebe-ne-strashen-mne-ukor/]]></source>
  <category auto="true" type="str" verify="true"><![CDATA[Рубаи]]></category>
  <author auto="true" type="str" verify="true"><![CDATA[Омар Хайям]]></author>
  <title auto="true" type="str" verify="true"><![CDATA[В любви к тебе не страшен мне укор]]></title>
  <text auto="true" type="str" verify="true"><![CDATA[В любви к тебе не страшен мне укор,
С невеждами я не вступаю в спор.
Любовный кубок — исцеленье мужу,
А не мужам — паденье и позор.]]></text>
</doc>
