<doc>
  <source auto="true" type="str" verify="true"><![CDATA[https://rustih.ru/bella-axmadulina-pan/]]></source>
  <category auto="true" type="str" verify="true"><![CDATA[Стихи]]></category>
  <author auto="true" type="str" verify="true"><![CDATA[Белла Ахмадулина]]></author>
  <title auto="true" type="str" verify="true"><![CDATA[Пан]]></title>
  <text auto="true" type="str" verify="true"><![CDATA[Старый дуб, словно прутик, сгибаю,
Достаю в синем небе орла.
Я один колоброжу, гуляю,
Гогочу, как лихая орда.]]></text>
</doc>
