<doc>
  <source auto="true" type="str" verify="true"><![CDATA[https://rustih.ru/omar-xajyam-v-chas-kogda-sovershilos-nachalo-nachal/]]></source>
  <category auto="true" type="str" verify="true"><![CDATA[Рубаи]]></category>
  <author auto="true" type="str" verify="true"><![CDATA[Омар Хайям]]></author>
  <title auto="true" type="str" verify="true"><![CDATA[В час, когда совершилось начало начал]]></title>
  <text auto="true" type="str" verify="true"><![CDATA[В час, когда совершилось начало начал,
Рад был каждый и большего не ожидал.
Спор о большем всегда становился лишь ссорой —
Вот мораль, чтобы жадным ты в жизни не стал.]]></text>
</doc>
