<doc>
  <source auto="true" type="str" verify="true"><![CDATA[https://rustih.ru/bella-axmadulina-v-tot-mesyac-maj-v-tot-mesyac-moj/]]></source>
  <category auto="true" type="str" verify="true"><![CDATA[Стихи]]></category>
  <author auto="true" type="str" verify="true"><![CDATA[Белла Ахмадулина]]></author>
  <title auto="true" type="str" verify="true"><![CDATA[В тот месяц май, в тот месяц мой]]></title>
  <text auto="true" type="str" verify="true"><![CDATA[В тот месяц май, в тот месяц мой
во мне была такая легкость,
и, расстилаясь над землей,
влекла меня погоды летность.]]></text>
</doc>
