<doc>
  <source auto="true" type="str" verify="true"><![CDATA[https://rustih.ru/bella-axmadulina-dve-okruglyx-ulybki-teleti-i-cxneti/]]></source>
  <category auto="true" type="str" verify="true"><![CDATA[Стихи]]></category>
  <author auto="true" type="str" verify="true"><![CDATA[Белла Ахмадулина]]></author>
  <title auto="true" type="str" verify="true"><![CDATA[Две округлых улыбки, Телети и Цхнети]]></title>
  <text auto="true" type="str" verify="true"><![CDATA[Две округлых улыбки — Телети и Цхнети,
и Кумиси и Лиси — два чистых зрачка.
О, назвать их опять! И названия эти
затрудняют гортань, как избыток глотка.]]></text>
</doc>
