<doc>
  <source auto="true" type="str" verify="true"><![CDATA[https://rustih.ru/omar-xajyam-v-odnoj-ruke-cvety-v-drugoj-bokal-bessmennyj/]]></source>
  <category auto="true" type="str" verify="true"><![CDATA[Рубаи]]></category>
  <author auto="true" type="str" verify="true"><![CDATA[Омар Хайям]]></author>
  <title auto="true" type="str" verify="true"><![CDATA[В одной руке цветы, в другой бокал бессменный]]></title>
  <text auto="true" type="str" verify="true"><![CDATA[В одной руке цветы, в другой — бокал бессменный,
Пируй с возлюбленной, забыв о всей вселенной,
Покуда смерти смерч вдруг не сорвет с тебя,
Как с розы лепестки, сорочку жизни бренной.]]></text>
</doc>
