<doc>
  <source auto="true" type="str" verify="true"><![CDATA[https://rustih.ru/bella-axmadulina-kogda-rasceloval-ya-vlagu/]]></source>
  <category auto="true" type="str" verify="true"><![CDATA[Стихи]]></category>
  <author auto="true" type="str" verify="true"><![CDATA[Белла Ахмадулина]]></author>
  <title auto="true" type="str" verify="true"><![CDATA[Когда расцеловал я влагу]]></title>
  <text auto="true" type="str" verify="true"><![CDATA[Когда расцеловал я влагу
двух глаз твоих и совершенство
их нежной мрачности постиг,
сказал я: я имел отвагу
жить на земле и знать блаженство —
я жил, я знал, и бог простит.]]></text>
</doc>
