<doc>
  <source auto="true" type="str" verify="true"><![CDATA[https://rustih.ru/omar-xajyam-den-proshel-i-o-nem-pozabud-poskorej/]]></source>
  <category auto="true" type="str" verify="true"><![CDATA[Рубаи]]></category>
  <author auto="true" type="str" verify="true"><![CDATA[Омар Хайям]]></author>
  <title auto="true" type="str" verify="true"><![CDATA[День прошел, и о нем позабудь поскорей]]></title>
  <text auto="true" type="str" verify="true"><![CDATA[День прошел — и о нем позабудь поскорей,
Да и стоит ли завтрашний наших скорбей?
Откровения нет ни в былом, ни в грядущем, —
Мы сегодня живем. Так смотри веселей!]]></text>
</doc>
