<doc>
  <source auto="true" type="str" verify="true"><![CDATA[https://rustih.ru/omar-xajyam-daj-vina-zdes-ne-mesto-pustym-slovesam/]]></source>
  <category auto="true" type="str" verify="true"><![CDATA[Рубаи]]></category>
  <author auto="true" type="str" verify="true"><![CDATA[Омар Хайям]]></author>
  <title auto="true" type="str" verify="true"><![CDATA[Дай вина, Здесь не место пустым словесам]]></title>
  <text auto="true" type="str" verify="true"><![CDATA[Дай вина! Здесь не место пустым словесам.
Поцелуи любимой — мой хлеб и бальзам,
Губы пылкой возлюбленной — винного цвета,
Буйство страсти подобно ее волосам.]]></text>
</doc>
