<doc>
  <source auto="true" type="str" verify="true"><![CDATA[https://rustih.ru/bella-axmadulina-na-smert-xemingueya/]]></source>
  <category auto="true" type="str" verify="true"><![CDATA[Стихи]]></category>
  <author auto="true" type="str" verify="true"><![CDATA[Белла Ахмадулина]]></author>
  <title auto="true" type="str" verify="true"><![CDATA[На смерть Хемингуэя]]></title>
  <text auto="true" type="str" verify="true"><![CDATA[Охотник непреклонный!
Целясь,
ученого ты был точней.
Весь мир оплакал драгоценность
последней точности твоей.]]></text>
</doc>
