<doc>
  <source auto="true" type="str" verify="true"><![CDATA[https://rustih.ru/omar-xajyam-v-prax-i-pyl-prevratilis-cari-koroli/]]></source>
  <category auto="true" type="str" verify="true"><![CDATA[Рубаи]]></category>
  <author auto="true" type="str" verify="true"><![CDATA[Омар Хайям]]></author>
  <title auto="true" type="str" verify="true"><![CDATA[В прах и пыль превратились цари, короли]]></title>
  <text auto="true" type="str" verify="true"><![CDATA[В прах и пыль превратились цари, короли
Все, кто спрятан в бездонное лоно земли,
Видно, очень хмельным их вином опоили,
Чтоб до Судного дня они встать не смогли.]]></text>
</doc>
