<doc>
  <source auto="true" type="str" verify="true"><![CDATA[https://rustih.ru/bella-axmadulina-lug-zelenyj/]]></source>
  <category auto="true" type="str" verify="true"><![CDATA[Стихи]]></category>
  <author auto="true" type="str" verify="true"><![CDATA[Белла Ахмадулина]]></author>
  <title auto="true" type="str" verify="true"><![CDATA[Луг зеленый]]></title>
  <text auto="true" type="str" verify="true"><![CDATA[Луг зеленый, чистый дождик…
Может, в этом выход твой?
Что же ты, наш друг Художник,
поникаешь головой?]]></text>
</doc>
