<doc>
  <source auto="true" type="str" verify="true"><![CDATA[https://rustih.ru/omar-xajyam-vremya-pust-letit/]]></source>
  <category auto="true" type="str" verify="true"><![CDATA[Рубаи]]></category>
  <author auto="true" type="str" verify="true"><![CDATA[Омар Хайям]]></author>
  <title auto="true" type="str" verify="true"><![CDATA[Время пусть летит]]></title>
  <text auto="true" type="str" verify="true"><![CDATA[Пей! Время пусть летит. Вернутся
На то же место звезды… Наш же прах
Замазкой будет на стене. В стенах
Для смерти люди новые проснутся.]]></text>
</doc>
