<doc>
  <source auto="true" type="str" verify="true"><![CDATA[https://rustih.ru/ivan-krylov-muzykanty-basnya/]]></source>
  <category auto="true" type="str" verify="true"><![CDATA[Басни]]></category>
  <author auto="true" type="str" verify="true"><![CDATA[Иван Крылов]]></author>
  <title auto="true" type="str" verify="true"><![CDATA[Музыканты (Басня)]]></title>
  <text auto="true" type="str" verify="true"><![CDATA[Сосед соседа звал откушать;
Но умысел другой тут был:
Хозяин музыку любил
И заманил к себе соседа певчих слушать.
Запели молодцы: кто в лес, кто по дрова,
И у кого что силы стало.
В ушах у гостя затрещало,
И закружилась голова.
«Помилуй ты меня,- сказал он с удивленьем,-
Чем любоваться тут? Твой хор
Горланит вздор!»-
«То правда,- отвечал хозяин с умиленьем,-
Они немножечко дерут;
Зато уж в рот хмельного не берут,
И все с прекрасным поведеньем».
__________]]></text>
</doc>
