<doc>
  <source auto="true" type="str" verify="true"><![CDATA[https://rustih.ru/bella-axmadulina-kak-pelos-mne-i-bezhalos-mne/]]></source>
  <category auto="true" type="str" verify="true"><![CDATA[Стихи]]></category>
  <author auto="true" type="str" verify="true"><![CDATA[Белла Ахмадулина]]></author>
  <title auto="true" type="str" verify="true"><![CDATA[Как пелось мне и бежалось мне]]></title>
  <text auto="true" type="str" verify="true"><![CDATA[Как пелось мне и бежалось мне,
как хотелось
петь и бежать!]]></text>
</doc>
