<doc>
  <source auto="true" type="str" verify="true"><![CDATA[https://rustih.ru/bella-axmadulina-ochki/]]></source>
  <category auto="true" type="str" verify="true"><![CDATA[Стихи]]></category>
  <author auto="true" type="str" verify="true"><![CDATA[Белла Ахмадулина]]></author>
  <title auto="true" type="str" verify="true"><![CDATA[Очки]]></title>
  <text auto="true" type="str" verify="true"><![CDATA[Вот кабинет, в котором больше нет
Хозяина, но есть его портрет.
И мне велит судьбы неотвратимость
Сквозь ретушь отчуждения, сквозь дым
Узнать в лице пресветлую родимость
И суть искусства, явленную им.]]></text>
</doc>
