<doc>
  <source auto="true" type="str" verify="true"><![CDATA[https://rustih.ru/omar-xajyam-vsex-pyanic-i-vlyublennyx-zhdet-geenna/]]></source>
  <category auto="true" type="str" verify="true"><![CDATA[Рубаи]]></category>
  <author auto="true" type="str" verify="true"><![CDATA[Омар Хайям]]></author>
  <title auto="true" type="str" verify="true"><![CDATA[Всех пьяниц и влюбленных ждет геенна]]></title>
  <text auto="true" type="str" verify="true"><![CDATA[Всех пьяниц и влюбленных ждет геенна.
Не верьте, братья, этой лжи презренной!
Коль пьяниц и влюбленных в ад загнать,
Рай опустеет завтра ж, несомненно.]]></text>
</doc>
