<doc>
  <source auto="true" type="str" verify="true"><![CDATA[https://rustih.ru/omar-xajyam-vnov-na-starosti-let-ya-u-strasti-v-plenu/]]></source>
  <category auto="true" type="str" verify="true"><![CDATA[Рубаи]]></category>
  <author auto="true" type="str" verify="true"><![CDATA[Омар Хайям]]></author>
  <title auto="true" type="str" verify="true"><![CDATA[Вновь на старости лет я у страсти в плену]]></title>
  <text auto="true" type="str" verify="true"><![CDATA[Вновь на старости лет я у страсти в плену.
Разве иначе я пристрастился б к вину?
Все обеты нарушил возлюбленной ради
И, рыдая, свое безрассудство кляну.]]></text>
</doc>
