<doc>
  <source auto="true" type="str" verify="true"><![CDATA[https://rustih.ru/omar-xajyam-dve-kaaby-dlya-very-nam-sozdal-tvorec/]]></source>
  <category auto="true" type="str" verify="true"><![CDATA[Рубаи]]></category>
  <author auto="true" type="str" verify="true"><![CDATA[Омар Хайям]]></author>
  <title auto="true" type="str" verify="true"><![CDATA[Две Каабы для веры нам создал Творец]]></title>
  <text auto="true" type="str" verify="true"><![CDATA[Две Каабы для веры нам создал Творец —
Бытия и сердец, это — веры венец.
Поклоняйся Каабе сердец, пока можешь,
Выше тысяч Кааб — и одно из сердец!]]></text>
</doc>
