<doc>
  <source auto="true" type="str" verify="true"><![CDATA[https://rustih.ru/ivan-krylov-volk-i-lisica/]]></source>
  <category auto="true" type="str" verify="true"><![CDATA[Басни]]></category>
  <author auto="true" type="str" verify="true"><![CDATA[Иван Крылов]]></author>
  <title auto="true" type="str" verify="true"><![CDATA[Волк и лисица]]></title>
  <text auto="true" type="str" verify="true"><![CDATA[Охотно мы дарим,
Что нам не надобно самим.
Мы этой басней поясним,
Затем что истина сноснее вполоткрыта.
Лиса, курятинки накушавшись досыта
И добрый ворошок припрятавши в запас,
Под стогом прилегла вздремнуть в вечерний час.
Глядит, а в гости к ней голодный Волк тащится.
«Что, кумушка, беды! — он говорит. —
Ни косточкой не мог нигде я поживиться;
Меня так голод и морит;
Собаки злы, пастух не спит,
Пришло хоть удавиться!»
«Неужли?» — «Право, так». — «Бедняжка куманек?
Да не изволишь ли сенца? Вот целый стог:
Я куму услужить готова».
А куму не сенца, хотелось бы мяснова —
Да про запас Лиса ни слова.
И серый рыцарь мой,
Обласкан по уши кумой,
Пошел без ужина домой.]]></text>
</doc>
