<doc>
  <source auto="true" type="str" verify="true"><![CDATA[https://rustih.ru/ivan-krylov-a-i-klushinu-zalogom-druzhestva-primi-fontena-ty/]]></source>
  <category auto="true" type="str" verify="true"><![CDATA[Басни]]></category>
  <author auto="true" type="str" verify="true"><![CDATA[Иван Крылов]]></author>
  <title auto="true" type="str" verify="true"><![CDATA[А. И. Клушину (Залогом дружества прими Фонтена ты)]]></title>
  <text auto="true" type="str" verify="true"><![CDATA[Залогом дружества прими Фонтена ты,
И пусть оно в сердцах тогда у нас увянет,
Когда бог ясных дней светить наш мир престанет
Или Фонтеновы затмит кто красоты.]]></text>
</doc>
