<doc>
  <source auto="true" type="str" verify="true"><![CDATA[https://rustih.ru/bella-axmadulina-kogda-ya-celuyu-tebya/]]></source>
  <category auto="true" type="str" verify="true"><![CDATA[Стихи]]></category>
  <author auto="true" type="str" verify="true"><![CDATA[Белла Ахмадулина]]></author>
  <title auto="true" type="str" verify="true"><![CDATA[Когда я целую тебя]]></title>
  <text auto="true" type="str" verify="true"><![CDATA[Когда я целую тебя,
ты на цыпочки привстаешь, —
ты едва до меня достаешь,
когда я целую тебя…]]></text>
</doc>
