<doc>
  <source auto="true" type="str" verify="true"><![CDATA[https://rustih.ru/ivan-krylov-bulyzhnik-i-almaz/]]></source>
  <category auto="true" type="str" verify="true"><![CDATA[Басни]]></category>
  <author auto="true" type="str" verify="true"><![CDATA[Иван Крылов]]></author>
  <title auto="true" type="str" verify="true"><![CDATA[Булыжник и алмаз]]></title>
  <text auto="true" type="str" verify="true"><![CDATA[Потерянный Алмаз валялся на пути;
Случилось, наконец, купцу его найти.
Он от купца
Царю представлен,
Им куплен, в золоте оправлен,
И украшением стал царского венца.
Узнав про то, Булыжник развозился,
Блестящею судьбой Алмаза он прельстился
И, видя мужика, его он просит так:
«Пожалуйста, земляк,
Возьми меня в столицу ты с собою!
За что? здесь под дождем и в слякоти я ною?
А наш Алмаз в чести, как говорят.
Не понимаю я, за что? он в знать попался?
Со мною сколько лет здесь рядом он валялся;
Такой же камень он, и мне набитый брат.
Возьми ж меня. Как знать? Коль там я покажуся,
То также, может быть, на дело пригожуся».
Взял камень мужичок на свой тяжелый воз,
И в город он его привез.
Ввалился камень мой и думает, что разом
Засядет рядом он с Алмазом;
Но вышел для него случай совсем иной:
Он точно в дело взят, но взят для мостовой.]]></text>
</doc>
