<doc>
  <source auto="true" type="str" verify="true"><![CDATA[https://rustih.ru/omar-xajyam-dvesti-let-prozhivesh-ili-tysyachu-let/]]></source>
  <category auto="true" type="str" verify="true"><![CDATA[Рубаи]]></category>
  <author auto="true" type="str" verify="true"><![CDATA[Омар Хайям]]></author>
  <title auto="true" type="str" verify="true"><![CDATA[Двести лет проживешь, или тысячу лет]]></title>
  <text auto="true" type="str" verify="true"><![CDATA[Двести лет проживешь — или тысячу лет
Все равно попадешь муравьям на обед.
В шелк одет или в жалкие тряпки одет,
Падишах или пьяница — разницы нет!]]></text>
</doc>
