<doc>
  <source auto="true" type="str" verify="true"><![CDATA[https://rustih.ru/bella-axmadulina-dva-geparda/]]></source>
  <category auto="true" type="str" verify="true"><![CDATA[Стихи]]></category>
  <author auto="true" type="str" verify="true"><![CDATA[Белла Ахмадулина]]></author>
  <title auto="true" type="str" verify="true"><![CDATA[Два гепарда]]></title>
  <text auto="true" type="str" verify="true"><![CDATA[Этот ад, этот сад, этот зоо —
там, где лебеди и зоосад,
на прицеле всеобщего взора
два гепарда, обнявшись, лежат.]]></text>
</doc>
