<doc>
  <source auto="true" type="str" verify="true"><![CDATA[https://rustih.ru/bella-axmadulina-devyat-dubov/]]></source>
  <category auto="true" type="str" verify="true"><![CDATA[Стихи]]></category>
  <author auto="true" type="str" verify="true"><![CDATA[Белла Ахмадулина]]></author>
  <title auto="true" type="str" verify="true"><![CDATA[Девять дубов]]></title>
  <text auto="true" type="str" verify="true"><![CDATA[Мне снился сон — и что мне было делать?
Мне снился сон — я наблюдал его.
Как точен был расчет — их было девять:
дубов и дзвов. Только и всего.]]></text>
</doc>
