<doc>
  <source auto="true" type="str" verify="true"><![CDATA[https://rustih.ru/bella-axmadulina-oblaka/]]></source>
  <category auto="true" type="str" verify="true"><![CDATA[Стихи]]></category>
  <author auto="true" type="str" verify="true"><![CDATA[Белла Ахмадулина]]></author>
  <title auto="true" type="str" verify="true"><![CDATA[Облака]]></title>
  <text auto="true" type="str" verify="true"><![CDATA[Грозы и солнца перемирие,
и облака несут утрату
дождя —
над всем:
над пирамидами,
над Хеттой,
Мидией,
Урарту.
И радуга —
грозы напарница-
встает,
и пенится Кура.
Куда теперь они направятся?
Куда? Не ведаю.
Куда?]]></text>
</doc>
