<doc>
  <source auto="true" type="str" verify="true"><![CDATA[https://rustih.ru/bella-axmadulina-lado-asatiani/]]></source>
  <category auto="true" type="str" verify="true"><![CDATA[Стихи]]></category>
  <author auto="true" type="str" verify="true"><![CDATA[Белла Ахмадулина]]></author>
  <title auto="true" type="str" verify="true"><![CDATA[Ладо Асатиани]]></title>
  <text auto="true" type="str" verify="true"><![CDATA[Где-то поблизости
солнце и ветры
дадут акации
зацвести поскорей,
и осыплются эти белые ветки,
осыплются
над могилой твоей.
Я-то знаю,
что под этой елью
ты уснул,
положив свою голову в маки.
Взбудораженный любовью,
наполненный ею,
ты лежишь,
как лежат все поэты и маги.
А земля наполняется парусами
и цветами,
которые тебя так манили…
А Пиросмани?
О, Пиросмани
придет к твоей теплой могиле…
Ты умер, окончился,
но снова прокрался
в эту жизнь.
Велики твои радость и грусть.
О весна! Взгляни, сколь она прекрасна!
А цветы все падают и падают тебе на грудь.]]></text>
</doc>
