<doc>
  <source auto="true" type="str" verify="true"><![CDATA[https://rustih.ru/ivan-krylov-vorona-basnya/]]></source>
  <category auto="true" type="str" verify="true"><![CDATA[Басни]]></category>
  <author auto="true" type="str" verify="true"><![CDATA[Иван Крылов]]></author>
  <title auto="true" type="str" verify="true"><![CDATA[Ворона (Басня)]]></title>
  <text auto="true" type="str" verify="true"><![CDATA[Когда не хочешь быть смешон,
Держися звания, в котором ты рожден.
Простолюдин со знатью не роднися;
И если карлой сотворен,
То в великаны не тянися,
А помни свой ты чаще рост.
Утыкавши себе павлиным перьем хвост,
Ворона с Павами пошла гулять спесиво
И думает, что на нее
Родня и прежние приятели ее
Все заглядятся, как на диво;
Что Павам всем она сестра,
И что пришла ее пора
Быть украшением Юнонина двора.
Какой же вышел плод ее высокомерья?
Что Павами она ощипана кругом,
И что, бежав от них, едва не кувырком,
Не говоря уж о чужом,
На ней и своего осталось мало перья.
Она-было назад к своим; но те совсем
Заклеванной Вороны не узнали,
Ворону вдосталь ощипали,
И кончились ее затеи тем,
Что от Ворон она отстала,
А к Павам не пристала.
Я эту басенку вам былью поясню.
Матрене, дочери купецкой, мысль припала,
Чтоб в знатную войти родню.
Приданого за ней полмиллиона.
Вот выдали Матрену за Барона.
Что ж вышло? Новая родня ей колет глаз
Попреком, что она мещанкой родилась,
А старая за то, что к знатным приплелась:
И сделалась моя Матрена
Ни Пава, ни Ворона.]]></text>
</doc>
