<doc>
  <source auto="true" type="str" verify="true"><![CDATA[https://rustih.ru/omar-xajyam-vse-i-zlo-i-dobro-chto-lyudskaya-skryvaet-priroda/]]></source>
  <category auto="true" type="str" verify="true"><![CDATA[Рубаи]]></category>
  <author auto="true" type="str" verify="true"><![CDATA[Омар Хайям]]></author>
  <title auto="true" type="str" verify="true"><![CDATA[Все — и зло и добро, что людская скрывает природа]]></title>
  <text auto="true" type="str" verify="true"><![CDATA[Все — и зло и добро, что людская скрывает природа,
Высшей воле подвластно, и здесь не дана нам свобода.
Ты вину своих бедствий не сваливай на небосвод,
В сто раз хуже, чем твой, подневольный удел небосвода.]]></text>
</doc>
