<doc>
  <source auto="true" type="str" verify="true"><![CDATA[https://rustih.ru/bella-axmadulina-opyat-sentyabr-kak-tmu-vremen-nazad/]]></source>
  <category auto="true" type="str" verify="true"><![CDATA[Стихи]]></category>
  <author auto="true" type="str" verify="true"><![CDATA[Белла Ахмадулина]]></author>
  <title auto="true" type="str" verify="true"><![CDATA[Опять сентябрь, как тьму времен назад]]></title>
  <text auto="true" type="str" verify="true"><![CDATA[Опять сентябрь, как тьму времен назад,
и к вечеру мужает юный холод.
Я в таинствах подозреваю сад:
все кажется — там кто-то есть и ходит.]]></text>
</doc>
