<doc>
  <source auto="true" type="str" verify="true"><![CDATA[https://rustih.ru/bella-axmadulina-vesna/]]></source>
  <category auto="true" type="str" verify="true"><![CDATA[Стихи]]></category>
  <author auto="true" type="str" verify="true"><![CDATA[Белла Ахмадулина]]></author>
  <title auto="true" type="str" verify="true"><![CDATA[Весна]]></title>
  <text auto="true" type="str" verify="true"><![CDATA[Деревья гор, я поздравляю вас:
младенчество листвы — вот ваша прибыль,
вас, девушки, затеявшие вальс,
вас, волны, что угодны юным рыбам,]]></text>
</doc>
