<doc>
  <source auto="true" type="str" verify="true"><![CDATA[https://rustih.ru/omar-xajyam-v-bokaly-vlej-vina-i-pesnyu-zatyani-nam/]]></source>
  <category auto="true" type="str" verify="true"><![CDATA[Рубаи]]></category>
  <author auto="true" type="str" verify="true"><![CDATA[Омар Хайям]]></author>
  <title auto="true" type="str" verify="true"><![CDATA[В бокалы влей вина и песню затяни нам]]></title>
  <text auto="true" type="str" verify="true"><![CDATA[В бокалы влей вина и песню затяни нам,
Свой голос примешав к стенаньям соловьиным!
Без песни пить нельзя, — ведь иначе вино
Нам разливалось бы без бульканья кувшином.]]></text>
</doc>
