<doc>
  <source auto="true" type="str" verify="true"><![CDATA[https://rustih.ru/bella-axmadulina-kakoe-blazhenstvo-chto-bleshhut-snega/]]></source>
  <category auto="true" type="str" verify="true"><![CDATA[Стихи]]></category>
  <author auto="true" type="str" verify="true"><![CDATA[Белла Ахмадулина]]></author>
  <title auto="true" type="str" verify="true"><![CDATA[Какое блаженство, что блещут снега]]></title>
  <text auto="true" type="str" verify="true"><![CDATA[Какое блаженство, что блещут снега,
что холод окреп, а с утра моросило,
что дико и нежно сверкает фольга
на каждом углу и в окне магазина.]]></text>
</doc>
