<doc>
  <source auto="true" type="str" verify="true"><![CDATA[https://rustih.ru/bella-axmadulina-po-puti-v-svanetiyu/]]></source>
  <category auto="true" type="str" verify="true"><![CDATA[Стихи]]></category>
  <author auto="true" type="str" verify="true"><![CDATA[Белла Ахмадулина]]></author>
  <title auto="true" type="str" verify="true"><![CDATA[По пути в Сванетию]]></title>
  <text auto="true" type="str" verify="true"><![CDATA[Теперь и сам я думаю: ужели
по той дороге, странник и чудак,
я проходил?
Горвашское ущелье,
о, подтверди, что это было так.]]></text>
</doc>
