<doc>
  <source auto="true" type="str" verify="true"><![CDATA[https://rustih.ru/omar-xajyam-v-mir-prishyol-ya-no-ne-bylo-nebo-vstrevozheno/]]></source>
  <category auto="true" type="str" verify="true"><![CDATA[Рубаи]]></category>
  <author auto="true" type="str" verify="true"><![CDATA[Омар Хайям]]></author>
  <title auto="true" type="str" verify="true"><![CDATA[В мир пришёл я, но не было небо встревожено]]></title>
  <text auto="true" type="str" verify="true"><![CDATA[В мир пришёл я, но не было небо встревожено.
Умер я, но сиянье светил не умножено.
И никто не сказал мне — зачем я рождён
И зачем моя жизнь второпях уничтожена.]]></text>
</doc>
