<doc>
  <source auto="true" type="str" verify="true"><![CDATA[https://rustih.ru/bella-axmadulina-magnitofon/]]></source>
  <category auto="true" type="str" verify="true"><![CDATA[Стихи]]></category>
  <author auto="true" type="str" verify="true"><![CDATA[Белла Ахмадулина]]></author>
  <title auto="true" type="str" verify="true"><![CDATA[Магнитофон]]></title>
  <text auto="true" type="str" verify="true"><![CDATA[В той комнате под чердаком,
в той нищенской, в той суверенной,
где старомодным чудаком
задор владеет современный,]]></text>
</doc>
