<doc>
  <source auto="true" type="str" verify="true"><![CDATA[https://rustih.ru/bella-axmadulina-ada/]]></source>
  <category auto="true" type="str" verify="true"><![CDATA[Стихи]]></category>
  <author auto="true" type="str" verify="true"><![CDATA[Белла Ахмадулина]]></author>
  <title auto="true" type="str" verify="true"><![CDATA[Ада]]></title>
  <text auto="true" type="str" verify="true"><![CDATA[Что в бедном имени твоем,
что в имени неблагозвучном
далось мне?
Я в слезах при нем
и в страхе неблагополучном.]]></text>
</doc>
