<doc>
  <source auto="true" type="str" verify="true"><![CDATA[https://rustih.ru/ivan-krylov-osel-i-muzhik/]]></source>
  <category auto="true" type="str" verify="true"><![CDATA[Басни]]></category>
  <author auto="true" type="str" verify="true"><![CDATA[Иван Крылов]]></author>
  <title auto="true" type="str" verify="true"><![CDATA[Осел и мужик]]></title>
  <text auto="true" type="str" verify="true"><![CDATA[Мужик на лето в огород
Наняв Осла, приставил
Ворон и воробьев гонять нахальный род.
Осел был <a href="https://rustih.ru/aleksandr-pushkin-moj-dyadya-samyx-chestnyx-pravil/">самых честных правил</a>:
Ни с хищностью, ни с кражей незнаком:
Не поживился он хозяйским ни листком,
И птицам, грех сказать, чтобы давал потачку;
Но Мужику барыш был с огорода плох.
Осел, гоняя птиц, со всех ослиных ног,
По всем грядам и вдоль и поперёг,
Такую поднял скачку,
Что в огороде всё примял и притоптал.
Увидя тут, что труд его пропал,
Крестьянин на спине ослиной
Убыток выместил дубиной.
«И ништо!» все кричат: «скотине поделом!
С его ль умом
За это дело браться?»
____________________
А я скажу, не с тем, чтоб за Осла вступаться;
Он, точно, виноват (с ним сделан и расчет),
Но, кажется, не прав и тот,
Кто поручил Ослу стеречь свой огород.]]></text>
</doc>
