<doc>
  <source auto="true" type="str" verify="true"><![CDATA[https://rustih.ru/omar-xajyam-v-tom-ne-lyubov-kto-bujstvom-ne-tomim/]]></source>
  <category auto="true" type="str" verify="true"><![CDATA[Рубаи]]></category>
  <author auto="true" type="str" verify="true"><![CDATA[Омар Хайям]]></author>
  <title auto="true" type="str" verify="true"><![CDATA[В том не любовь, кто буйством не томим]]></title>
  <text auto="true" type="str" verify="true"><![CDATA[В том не любовь, кто буйством не томим
В том хворостинок отсырелых дым
Любовь — костёр, пылающий, бессонный…
Влюблённый ранен. Он неисцелим!]]></text>
</doc>
