<doc>
  <source auto="true" type="str" verify="true"><![CDATA[https://rustih.ru/bella-axmadulina-bog-pamyati-bog-zabyvanya/]]></source>
  <category auto="true" type="str" verify="true"><![CDATA[Стихи]]></category>
  <author auto="true" type="str" verify="true"><![CDATA[Белла Ахмадулина]]></author>
  <title auto="true" type="str" verify="true"><![CDATA[Бог памяти, бог забыванья]]></title>
  <text auto="true" type="str" verify="true"><![CDATA[Бог памяти, бог забыванья!
Ожог вчерашнего пыланья
залечен алчностью слепою.
И та, чьего лица не помню,
была ль, покуда не ушла?]]></text>
</doc>
