<doc>
  <source auto="true" type="str" verify="true"><![CDATA[https://rustih.ru/bella-axmadulina-zima-na-yuge-daleko-zashlo/]]></source>
  <category auto="true" type="str" verify="true"><![CDATA[Стихи]]></category>
  <author auto="true" type="str" verify="true"><![CDATA[Белла Ахмадулина]]></author>
  <title auto="true" type="str" verify="true"><![CDATA[Зима на юге, Далеко зашло]]></title>
  <text auto="true" type="str" verify="true"><![CDATA[Зима на юге. Далеко зашло
ее вниманье к моему побегу.
Мне — поделом. Но югу-то за что?
Он слишком юн, чтоб предаваться снегу.]]></text>
</doc>
