<doc>
  <source auto="true" type="str" verify="true"><![CDATA[https://rustih.ru/bella-axmadulina-nostalgiya/]]></source>
  <category auto="true" type="str" verify="true"><![CDATA[Стихи]]></category>
  <author auto="true" type="str" verify="true"><![CDATA[Белла Ахмадулина]]></author>
  <title auto="true" type="str" verify="true"><![CDATA[Ностальгия]]></title>
  <text auto="true" type="str" verify="true"><![CDATA[«Беговая», «Отрадное»… Радость и бег
этих мест — не мои, не со мною.
Чужеземец, озябший, смотрю я на снег,
что затеян чужою зимою.]]></text>
</doc>
