<doc>
  <source auto="true" type="str" verify="true"><![CDATA[https://rustih.ru/omar-xajyam-dlya-dostojnogo-netu-dostojnyx-nagrad/]]></source>
  <category auto="true" type="str" verify="true"><![CDATA[Рубаи]]></category>
  <author auto="true" type="str" verify="true"><![CDATA[Омар Хайям]]></author>
  <title auto="true" type="str" verify="true"><![CDATA[Для достойного, нету достойных наград]]></title>
  <text auto="true" type="str" verify="true"><![CDATA[Для достойного — нету достойных наград,
Я живот положить за достойного рад.
Хочешь знать, существуют ли адские муки?
Жить среди недостойных — вот истинный ад!]]></text>
</doc>
