<doc>
  <source auto="true" type="str" verify="true"><![CDATA[https://rustih.ru/ivan-krylov-bulat/]]></source>
  <category auto="true" type="str" verify="true"><![CDATA[Басни]]></category>
  <author auto="true" type="str" verify="true"><![CDATA[Иван Крылов]]></author>
  <title auto="true" type="str" verify="true"><![CDATA[Булат]]></title>
  <text auto="true" type="str" verify="true"><![CDATA[Булатной сабли острый клинок
Заброшен был в железный хлам;
С ним вместе вынесен на рынок
И мужику задаром продан там.
У мужика затеи не велики:
Он отыскал тотчас в Булате прок.
Мужик мой насадил на клинок черенок
И стал Булатом драть в лесу на лапти лыки,
А дома, запросто, лучину им щепать;
То ветви у плетня, то сучья обрубать
Или обтесывать тычины к огороду.
Ну, так, что не прошло и году,
Как мой Булат в зубцах и в ржавчине кругом,
И дети ездят уж на нем
Верхом.
Вот еж, в избе под лавкой лежа,
Куда и клинок брошен был,
Однажды так Булату говорил:
«Скажи, на что вся жизнь твоя похожа?
И если про Булат
Так много громкого неложно говорят:
Не стыдно ли тебе щепать лучину,
Или обтесывать тычину,
И, наконец, игрушкой быть ребят?» —
«В руках бы воина врагам я был ужасен»,
Булат ответствует: «а здесь мой дар напрасен;
Так, низким лишь трудом я занят здесь в дому:
Но разве я свободен?
Нет, стыдно то не мне, а стыдно лишь тому,
Кто не умел понять, к чему я годен».]]></text>
</doc>
