<doc>
  <source auto="true" type="str" verify="true"><![CDATA[https://rustih.ru/bella-axmadulina-molitve-zmej/]]></source>
  <category auto="true" type="str" verify="true"><![CDATA[Стихи]]></category>
  <author auto="true" type="str" verify="true"><![CDATA[Белла Ахмадулина]]></author>
  <title auto="true" type="str" verify="true"><![CDATA[Молитва змеи]]></title>
  <text auto="true" type="str" verify="true"><![CDATA[Как холодна змея,
красива,
когда черты ее видны.
Все крапинки ее курсива
так четко распределены.
Внимая древнему мотиву,
она касается земли
и погружается в молитву,
молитву страшную змеи.
Знать, душу грешную свою
с надеждой богу поверяет,
в молитве с нею порывает
и просит:
«Бог, прости змею!»
О, нету,
нету больше мочи! —
и к скалам приникает грудь,
и вдруг таинственная грусть
змеиные заслонит очи.
И будет шепот этот литься
с ее двойного языка,
пока вокруг сухие листья
толкают руки ветерка.
Сейчас пусти ее в пески,
не попрекни смертельным делом —
с глазами,
полными тоски,
и к солнцу обращенным телом.
Пусть отстоит
свою молитву
и чудно полосы свернет,
и сквозь просвирник и малину
всей кожей крапчатой сверкнет.
Пусть после этих странных таинств
она взовьется вдалеке,
чтоб отплясать свой страшный танец
как будто с бубнами в руке.
Так пусть отпляшет разудало,
своими кольцами звеня.
Быть может,
старый «узундара»
сегодня выберет змея…]]></text>
</doc>
