<doc>
  <source auto="true" type="str" verify="true"><![CDATA[https://rustih.ru/bella-axmadulina-byki/]]></source>
  <category auto="true" type="str" verify="true"><![CDATA[Стихи]]></category>
  <author auto="true" type="str" verify="true"><![CDATA[Белла Ахмадулина]]></author>
  <title auto="true" type="str" verify="true"><![CDATA[Быки]]></title>
  <text auto="true" type="str" verify="true"><![CDATA[Что за рога украсили быка!
Я видел что-то чистое, рябое,
как будто не быки, а облака
там шли, обремененные арбою.]]></text>
</doc>
