<doc>
  <source auto="true" type="str" verify="true"><![CDATA[https://rustih.ru/omar-xajyam-vo-vlasti-vyshnego-ego-igrushki/]]></source>
  <category auto="true" type="str" verify="true"><![CDATA[Рубаи]]></category>
  <author auto="true" type="str" verify="true"><![CDATA[Омар Хайям]]></author>
  <title auto="true" type="str" verify="true"><![CDATA[Во власти Вышнего, Его игрушки]]></title>
  <text auto="true" type="str" verify="true"><![CDATA[Во власти Вышнего, Его игрушки — мы.
Конечно, Он — богач, а побирушки — мы.
Из дверцы — по Дворцу (и что за лицедейство?),
Толкаясь и спеша, мчим друг за дружкой мы.]]></text>
</doc>
