<doc>
  <source auto="true" type="str" verify="true"><![CDATA[https://rustih.ru/bella-axmadulina-biograficheskaya-spravka/]]></source>
  <category auto="true" type="str" verify="true"><![CDATA[Стихи]]></category>
  <author auto="true" type="str" verify="true"><![CDATA[Белла Ахмадулина]]></author>
  <title auto="true" type="str" verify="true"><![CDATA[Биографическая справка]]></title>
  <text auto="true" type="str" verify="true"><![CDATA[Все началось далекою порой,
в младенчестве, в его начальном классе,
с игры в многозначительную роль: —
быть Мусею, любимой меньше Аси.]]></text>
</doc>
