<doc>
  <source auto="true" type="str" verify="true"><![CDATA[https://rustih.ru/ivan-krylov-v-p-ushakovoj-varvara-pavlovna-oblaskannyj-ne-po-zaslugam/]]></source>
  <category auto="true" type="str" verify="true"><![CDATA[Басни]]></category>
  <author auto="true" type="str" verify="true"><![CDATA[Иван Крылов]]></author>
  <title auto="true" type="str" verify="true"><![CDATA[В. П. Ушаковой (Варвара Павловна! Обласканный не по заслугам)]]></title>
  <text auto="true" type="str" verify="true"><![CDATA[Варвара Павловна!
Обласканный не по заслугам,
И вам и вашим всем подругам
Крылов из кельи шлет поклон,
Где, мухою укушен он,
Сидит, раздут, как купидон —
Но не пафосский и не критский[1],
А иль татарский, иль калмыцкий.
Что ж делать?… надобно терпеть!..
Но, чтоб у боли сбавить силы,
Нельзя ль меня вам пожалеть?..
Вы так добры, любезны, милы;—
Нельзя ль уговорить подруг,
Чтоб вспомнить бедного Крылова,
Когда десерт пойдет вокруг?..
Поверьте, он из ваших рук
Лекарством будет для больнова.]]></text>
</doc>
