<doc>
  <source auto="true" type="str" verify="true"><![CDATA[https://rustih.ru/omar-xajyam-vizhu-smutnuyu-zemlyu/]]></source>
  <category auto="true" type="str" verify="true"><![CDATA[Рубаи]]></category>
  <author auto="true" type="str" verify="true"><![CDATA[Омар Хайям]]></author>
  <title auto="true" type="str" verify="true"><![CDATA[Вижу смутную землю]]></title>
  <text auto="true" type="str" verify="true"><![CDATA[Вижу смутную землю — обитель скорбей,
Вижу смертных, спешащих к могиле своей,
Вижу славных царей, луноликих красавиц,
Отблиставших и ставших добычей червей.]]></text>
</doc>
