<doc>
  <source auto="true" type="str" verify="true"><![CDATA[https://rustih.ru/omar-xajyam-vchera-na-ploshhadi-bazarnoj-videl-ya/]]></source>
  <category auto="true" type="str" verify="true"><![CDATA[Рубаи]]></category>
  <author auto="true" type="str" verify="true"><![CDATA[Омар Хайям]]></author>
  <title auto="true" type="str" verify="true"><![CDATA[Вчера на площади базарной видел я]]></title>
  <text auto="true" type="str" verify="true"><![CDATA[Вчера на площади базарной видел я,
Как глину вязкую горшечник мял ногами.
С него усердья пот катился в три ручья.
И этот мертвый прах незримыми устами,
Казалось мне, шептал: «Я ближним был твоим!
Стыдись! Не будь так груб и так неумолим!»]]></text>
</doc>
