<doc>
  <source auto="true" type="str" verify="true"><![CDATA[https://rustih.ru/omar-xajyam-budu-pyanstvovat-ya-do-konca-svoix-dnej/]]></source>
  <category auto="true" type="str" verify="true"><![CDATA[Рубаи]]></category>
  <author auto="true" type="str" verify="true"><![CDATA[Омар Хайям]]></author>
  <title auto="true" type="str" verify="true"><![CDATA[Буду пьянствовать я до конца своих дней]]></title>
  <text auto="true" type="str" verify="true"><![CDATA[Буду пьянствовать я до конца своих дней,
Чтоб разило вином из могилы моей.
Чтобы пьяный, пришедший ко мне на могилу,
Стал от винного запаха вдвое пьяней!]]></text>
</doc>
