<doc>
  <source auto="true" type="str" verify="true"><![CDATA[https://rustih.ru/omar-xajyam-vovlech-by-v-tajnyj-zagovor-lyubov/]]></source>
  <category auto="true" type="str" verify="true"><![CDATA[Рубаи]]></category>
  <author auto="true" type="str" verify="true"><![CDATA[Омар Хайям]]></author>
  <title auto="true" type="str" verify="true"><![CDATA[Вовлечь бы в тайный заговор Любовь]]></title>
  <text auto="true" type="str" verify="true"><![CDATA[Вовлечь бы в тайный заговор Любовь!
Обнять весь мир, поднять к тебе Любовь,
Чтоб с высоты упавшей, мир разбился,
Чтоб из обломков лучшим встал он вновь!]]></text>
</doc>
