<doc>
  <source auto="true" type="str" verify="true"><![CDATA[https://rustih.ru/ivan-krylov-lev-na-lovle-basnya/]]></source>
  <category auto="true" type="str" verify="true"><![CDATA[Басни]]></category>
  <author auto="true" type="str" verify="true"><![CDATA[Иван Крылов]]></author>
  <title auto="true" type="str" verify="true"><![CDATA[Лев на ловле (Басня)]]></title>
  <text auto="true" type="str" verify="true"><![CDATA[Собака, Лев да Волк с Лисой
В соседстве как-то жили,
И вот какой
Между собой
Они завет все положили:
Чтоб им зверей съобща ловить,
И что наловится, все поровну делить.
Не знаю, как и чем, а знаю, что сначала
Лиса оленя поимала
И шлет к товарищам послов,
Чтоб шли делить счастливый лов:
Добыча, право, недурная!
Пришли, пришел и Лев; он, когти разминая
И озираючи товарищей кругом,
Дележ располагает
И говорит: «Мы, братцы, вчетвером.-
И начетверо он оленя раздирает.-
Теперь давай делить! Смотрите же, друзья;
Вот эта часть моя
По договору;
Вот эта мне, как Льву, принадлежит без спору;
Вот эта мне за то, что всех сильнее я;
А к этой чуть из вас лишь лапу кто протянет,
Тот с места жив не встанет».]]></text>
</doc>
