<doc>
  <source auto="true" type="str" verify="true"><![CDATA[https://rustih.ru/ivan-krylov-lyubopytnyj-basnya/]]></source>
  <category auto="true" type="str" verify="true"><![CDATA[Басни]]></category>
  <author auto="true" type="str" verify="true"><![CDATA[Иван Крылов]]></author>
  <title auto="true" type="str" verify="true"><![CDATA[Любопытный (Басня)]]></title>
  <text auto="true" type="str" verify="true"><![CDATA[«Приятель дорогой, здорово! Где ты был?» —
«В Кунсткамере, мой друг! Часа там три ходил;
Все видел, высмотрел; от удивленья,
Поверишь ли, не станет ни уменья
Пересказать тебе, ни сил.
Уж подлинно, что там чудес палата!
Куда на выдумки природа таровата!
Каких зверей, каких там птиц я не видал!
Какие бабочки, букашки,
Козявки, мушки, таракашки!
Одни, как изумруд, другие, как коралл!
Какие крохотны коровки!
Есть, право, менее булавочной головки!»
«А видел ли слона? Каков собой на взгляд!
Я чай, подумал ты, что гору встретил?» —
«Да разве там он?» — «Там».- «Ну, братец, виноват:
Слона-то я и не приметил».]]></text>
</doc>
