<doc>
  <source auto="true" type="str" verify="true"><![CDATA[https://rustih.ru/omar-xajyam-vmesto-skazok-pro-rajskuyu-blagodat/]]></source>
  <category auto="true" type="str" verify="true"><![CDATA[Рубаи]]></category>
  <author auto="true" type="str" verify="true"><![CDATA[Омар Хайям]]></author>
  <title auto="true" type="str" verify="true"><![CDATA[Вместо сказок про райскую благодать]]></title>
  <text auto="true" type="str" verify="true"><![CDATA[Вместо сказок про райскую благодать
Прикажи нам вина поскорее подать.
Звук пустой — эти гурии, розы, фонтаны…
Лучше пить, чем о жизни загробной гадать!]]></text>
</doc>
