<doc>
  <source auto="true" type="str" verify="true"><![CDATA[https://rustih.ru/ivan-krylov-malchik-i-zmeya-basnya/]]></source>
  <category auto="true" type="str" verify="true"><![CDATA[Басни]]></category>
  <author auto="true" type="str" verify="true"><![CDATA[Иван Крылов]]></author>
  <title auto="true" type="str" verify="true"><![CDATA[Мальчик и змея (Басня)]]></title>
  <text auto="true" type="str" verify="true"><![CDATA[Мальчишка, думая поймать угря,
Схватил Змею и, во́ззрившись, от страха
Стал бледен, как его рубаха.
Змея, на Мальчика спокойно посмотря,
«Послушай», говорит: «коль ты умней не будешь,
То дерзость не всегда легко тебе пройдет.
На сей раз бог простит; но берегись вперед,
И знай, с кем шутишь!»]]></text>
</doc>
