<doc>
  <source auto="true" type="str" verify="true"><![CDATA[https://rustih.ru/bella-axmadulina-metel/]]></source>
  <category auto="true" type="str" verify="true"><![CDATA[Стихи]]></category>
  <author auto="true" type="str" verify="true"><![CDATA[Белла Ахмадулина]]></author>
  <title auto="true" type="str" verify="true"><![CDATA[Метель]]></title>
  <text auto="true" type="str" verify="true"><![CDATA[Февраль — любовь и гнев погоды.
И, странно воссияв окрест,
великим севером природы
очнулась скудость дачных мест.]]></text>
</doc>
