<doc>
  <source auto="true" type="str" verify="true"><![CDATA[https://rustih.ru/omar-xajyam-vinocherpij-nalej-v-moyu-chashu-ognya/]]></source>
  <category auto="true" type="str" verify="true"><![CDATA[Рубаи]]></category>
  <author auto="true" type="str" verify="true"><![CDATA[Омар Хайям]]></author>
  <title auto="true" type="str" verify="true"><![CDATA[Виночерпий, налей в мою чашу огня]]></title>
  <text auto="true" type="str" verify="true"><![CDATA[Виночерпий, налей в мою чашу огня!
Надоела хвастливых друзей болтовня.
Дай мне полный кувшин этой пламенной влаги,
Прежде чем изготовят кувшин из меня.]]></text>
</doc>
