<doc>
  <source auto="true" type="str" verify="true"><![CDATA[https://rustih.ru/ivan-krylov-parnas-basnya/]]></source>
  <category auto="true" type="str" verify="true"><![CDATA[Басни]]></category>
  <author auto="true" type="str" verify="true"><![CDATA[Иван Крылов]]></author>
  <title auto="true" type="str" verify="true"><![CDATA[Парнас (Басня)]]></title>
  <text auto="true" type="str" verify="true"><![CDATA[Когда из Греции вон выгнали богов
И по мирянам их делить поместья стали[1],
Кому-то и Парнас тогда отмежевали;
Хозяин новый стал пасти на нем Ослов
Ослы, не знаю как-то, знали,
Что прежде Музы тут живали,
И говорят: «Недаром нас
Пригнали на Парнас:
Знать, Музы свету надоели,
И хочет он, чтоб мы здесь пели»
«Смотрите же», кричит один: «не унывай!
Я затяну, а вы не отставай!
Друзья, робеть не надо!
Прославим наше стадо,
И громче девяти сестер[2]
Подымем музыку и свой составим хор!
А чтобы нашего не сбили с толку братства,
То заведем такой порядок мы у нас:
Коль нет в чьем голосе ослиного приятства,
Не принимать тех на Парнас».
Одобрили Ослы ослово
Красно-хитро-сплетенно слово:
И новый хор певцов такую дичь занес,
Как будто тронулся обоз,
В котором тысяча немазанных колес.
Но чем окончилось разно-красиво пенье?
Хозяин, потеряв терпенье,
Их всех загнал с Парнаса в хлев.
Мне хочется, невеждам не во гнев,
Весьма старинное напомнить мненье:
Что если голова пуста,
То голове ума не придадут места.]]></text>
</doc>
