<doc>
  <source auto="true" type="str" verify="true"><![CDATA[https://rustih.ru/bella-axmadulina-oskolki-glinyanoj-chashi/]]></source>
  <category auto="true" type="str" verify="true"><![CDATA[Стихи]]></category>
  <author auto="true" type="str" verify="true"><![CDATA[Белла Ахмадулина]]></author>
  <title auto="true" type="str" verify="true"><![CDATA[Осколки глиняной чаши]]></title>
  <text auto="true" type="str" verify="true"><![CDATA[…И ныне помню этот самолет
и смею молвить: нет, я не был смелым.
Я не владел своим лицом и телом.
Бежал я долго, но устал и лег.]]></text>
</doc>
