<doc>
  <source auto="true" type="str" verify="true"><![CDATA[https://rustih.ru/bella-axmadulina-vlechet-menya-starinnyj-slog/]]></source>
  <category auto="true" type="str" verify="true"><![CDATA[Стихи]]></category>
  <author auto="true" type="str" verify="true"><![CDATA[Белла Ахмадулина]]></author>
  <title auto="true" type="str" verify="true"><![CDATA[Влечет меня старинный слог]]></title>
  <text auto="true" type="str" verify="true"><![CDATA[Влечет меня старинный слог.
Есть обаянье в древней речи.
Она бывает наших слов
и современнее и резче.]]></text>
</doc>
