<doc>
  <source auto="true" type="str" verify="true"><![CDATA[https://rustih.ru/bella-axmadulina-varfolomeevskaya-noch/]]></source>
  <category auto="true" type="str" verify="true"><![CDATA[Стихи]]></category>
  <author auto="true" type="str" verify="true"><![CDATA[Белла Ахмадулина]]></author>
  <title auto="true" type="str" verify="true"><![CDATA[Варфоломеевская ночь]]></title>
  <text auto="true" type="str" verify="true"><![CDATA[Я думала в уютный час дождя:
а вдруг и впрямь, по логике наитья,
заведомо безнравственно дитя,
рожденное вблизи кровопролитья.]]></text>
</doc>
