<doc>
  <source auto="true" type="str" verify="true"><![CDATA[https://rustih.ru/omar-xajyam-bezgreshnyj-est-li-chelovek/]]></source>
  <category auto="true" type="str" verify="true"><![CDATA[Рубаи]]></category>
  <author auto="true" type="str" verify="true"><![CDATA[Омар Хайям]]></author>
  <title auto="true" type="str" verify="true"><![CDATA[Безгрешный есть ли человек?]]></title>
  <text auto="true" type="str" verify="true"><![CDATA[Безгрешный есть ли человек? Скажи!
Нам без греха прожить ли век? Скажи!
За зло спеша карать нас злом, Скажи:
Святее нас Ты в чем, Скажи!]]></text>
</doc>
