<doc>
  <source auto="true" type="str" verify="true"><![CDATA[https://rustih.ru/ivan-krylov-pavlin-i-solovej-basnya/]]></source>
  <category auto="true" type="str" verify="true"><![CDATA[Басни]]></category>
  <author auto="true" type="str" verify="true"><![CDATA[Иван Крылов]]></author>
  <title auto="true" type="str" verify="true"><![CDATA[Павлин и соловей (Басня)]]></title>
  <text auto="true" type="str" verify="true"><![CDATA[Невежда в физике, а в музыке знаток,
Услышал соловья, поющего на ветке,
И хочется ему иметь такого в клетке.
Приехав в городок,
Он говорит: «Хотя я птицы той не знаю
И не видал,
Которой пением я мысли восхищал,
Которую иметь я столь желаю,
Но в птичьем здесь ряду,
Конечно, много птиц найду».
Наполнясь мыслию такою,
Чтоб выбрать птиц на взгляд,
Пришел боярин мой во птичий ряд
С набитым кошельком, с пустою головою.]]></text>
</doc>
