<doc>
  <source auto="true" type="str" verify="true"><![CDATA[https://rustih.ru/bella-axmadulina-nezhnost/]]></source>
  <category auto="true" type="str" verify="true"><![CDATA[Стихи]]></category>
  <author auto="true" type="str" verify="true"><![CDATA[Белла Ахмадулина]]></author>
  <title auto="true" type="str" verify="true"><![CDATA[Нежность]]></title>
  <text auto="true" type="str" verify="true"><![CDATA[Так ощутима эта нежность,
вещественных полна примет.
И нежность обретает внешность
и воплощается в предмет.]]></text>
</doc>
