<doc>
  <source auto="true" type="str" verify="true"><![CDATA[https://rustih.ru/ivan-krylov-oda-vybrannaya-iz-psalma-96-go/]]></source>
  <category auto="true" type="str" verify="true"><![CDATA[Басни]]></category>
  <author auto="true" type="str" verify="true"><![CDATA[Иван Крылов]]></author>
  <title auto="true" type="str" verify="true"><![CDATA[Ода, выбранная из псалма 96-го]]></title>
  <text auto="true" type="str" verify="true"><![CDATA[Господь воцарися, да радуется земля.
Взыграй, вся дышушая плоть!
Днесь воцарился твой господь.
Промчите слух сей, ветры скоры,
В дальнейшие земли концы,
Да скачут холмы, как тельцы,
Как овны, да взыграют горы
Средь кликов празднующих стран,
И да восплещет океан!
Предыдет огнь и вихрь пред ним
И гром, ревущий в кару злым;
Окрест несется мрак стесненный,
Вьют вихри, дождь и снег, и град,
И молнии его блестят
От края до края вселенной;
Немеет гром; ему внемля,
Как море, зыблется земля.
На истинах его престол;
Судьба миров — его глагол;
Врагов палящий пламень — взоры;
Речет — и огнь их жрет вокруг;
Воззрит — и тьмы падут их вдруг.
Как воск пред ним, так тают горы;
Земля — певец его чудес;
Вещатель славы — твердь небес.
О вы, певцы богов иных,
Сравните с мертвой силой их
Живаго бога силу живу —
И усрамитесь падать ниц
Пред изваяньем хрупким лиц,
Кладя на них надежду лживу!
Они, как вы, лишь персть и прах;
Ограда их — обман и страх.
Но ты, мой бог, творец миров,
Един превыше всех богов
И вышний надо всей землею!
Воспой его, правдивых лик;
Единый царь, судеб велик:
Он силой всё хранит своею;
В нем правым жизнь; в нем чистым свет —
И вне его спасенья нет.]]></text>
</doc>
