<doc>
  <source auto="true" type="str" verify="true"><![CDATA[https://rustih.ru/omar-xajyam-bud-myagche-k-lyudyam/]]></source>
  <category auto="true" type="str" verify="true"><![CDATA[Рубаи]]></category>
  <author auto="true" type="str" verify="true"><![CDATA[Омар Хайям]]></author>
  <title auto="true" type="str" verify="true"><![CDATA[Будь мягче к людям]]></title>
  <text auto="true" type="str" verify="true"><![CDATA[Будь мягче к людям! Хочешь быть мудрей? —
Не делай больно мудростью своей.
С обидчицей — Судьбой воюй, будь дерзок,
Но сам клянись не обижать людей!]]></text>
</doc>
