<doc>
  <source auto="true" type="str" verify="true"><![CDATA[https://rustih.ru/omar-xajyam-bez-menya-sobirayas-v-zastole-xmelnom/]]></source>
  <category auto="true" type="str" verify="true"><![CDATA[Рубаи]]></category>
  <author auto="true" type="str" verify="true"><![CDATA[Омар Хайям]]></author>
  <title auto="true" type="str" verify="true"><![CDATA[Без меня собираясь в застолье хмельном]]></title>
  <text auto="true" type="str" verify="true"><![CDATA[Без меня собираясь в застолье хмельном,
Продолжайте блистать красотой и умом.
Когда чашу наполнит вином виночерпий
Помяните ушедших чистым вином!]]></text>
</doc>
