<doc>
  <source auto="true" type="str" verify="true"><![CDATA[https://rustih.ru/omar-xajyam-daj-kuvshin-vina-i-chashu-o-lyubimaya-moya/]]></source>
  <category auto="true" type="str" verify="true"><![CDATA[Рубаи]]></category>
  <author auto="true" type="str" verify="true"><![CDATA[Омар Хайям]]></author>
  <title auto="true" type="str" verify="true"><![CDATA[Дай кувшин вина и чашу, о, любимая моя]]></title>
  <text auto="true" type="str" verify="true"><![CDATA[Дай кувшин вина и чашу, о, любимая моя,
Сядем на лугу с тобою и на берегу ручья!
Небо множество красавиц, от начала бытия,
Превратило, друг мой, в чаши и в кувшины — знаю я.]]></text>
</doc>
