<doc>
  <source auto="true" type="str" verify="true"><![CDATA[https://rustih.ru/ivan-krylov-pirog-komediya-v-odnom-dejstvii/]]></source>
  <category auto="true" type="str" verify="true"><![CDATA[Басни]]></category>
  <author auto="true" type="str" verify="true"><![CDATA[Иван Крылов]]></author>
  <title auto="true" type="str" verify="true"><![CDATA[Пирог (комедия в одном действии)]]></title>
  <text auto="true" type="str" verify="true"><![CDATA[Действующие лица
Г-н Вспышкин.
Г-жа Ужима, жена его.
Г-жа Прелеста, дочь их.
Г-н Милон, любовник ее.
Г-н Фатюев, жених Прелесты.
Дaша, горничная Прелесты.
Ванька, слуга Фатюева.
Потап, крестьянин.]]></text>
</doc>
