<doc>
  <source auto="true" type="str" verify="true"><![CDATA[https://rustih.ru/omar-xajyam-da-liliya-i-kiparis/]]></source>
  <category auto="true" type="str" verify="true"><![CDATA[Рубаи]]></category>
  <author auto="true" type="str" verify="true"><![CDATA[Омар Хайям]]></author>
  <title auto="true" type="str" verify="true"><![CDATA[Да, лилия и кипарис]]></title>
  <text auto="true" type="str" verify="true"><![CDATA[Да, лилия и кипарис — два чуда под луной,
О благородстве их твердит любой язык земной,
Имея двести языков, она всегда молчит,
А он, имея двести рук, не тянет ни одной.]]></text>
</doc>
