<doc>
  <source auto="true" type="str" verify="true"><![CDATA[https://rustih.ru/ivan-krylov-orel-i-krot-basnya/]]></source>
  <category auto="true" type="str" verify="true"><![CDATA[Басни]]></category>
  <author auto="true" type="str" verify="true"><![CDATA[Иван Крылов]]></author>
  <title auto="true" type="str" verify="true"><![CDATA[Орел и крот (Басня)]]></title>
  <text auto="true" type="str" verify="true"><![CDATA[Не презирай совета ничьего.
Но прежде рассмотри его.
Со стороны прибыв далекой
В дремучий лес, Орел с Орлицею вдвоем
Задумали навек остаться в нем,
И, выбравши ветвистый дуб, высокой,
Гнездо себе в его вершине стали вить,
Надеясь и детей тут вывести на лето.
Услыша Крот про это,
Орлу взял смелость доложить.
Что этот дуб для их жилища не годится,
Что весь почти он в корне сгнил
И скоро, может быть, свалится;
Так чтоб Орел гнезда на нем не вил.
Но кстати ли Орлу принять совет из норки,
И от Крота! А где же похвала,
Что у Орла
Глаза так зорки?
И что за стать Кротам мешаться сметь в дела
Царь-птицы!
Так многого с Кротом не говоря,
К работе поскорей, советчика презря,—
И новоселье у царя
Поспело скоро для царицы.
Всё счастливо: уж есть и дети у Орлицы.
Но что ж? — Однажды, как зарей,
Орел из-под небес к семье своей
С богатым завтраком с охоты торопился,
Он видит, дуб его свалился,
И подавило им Орлицу и детей.
От горести не взвидя свету,
«Несчастный!» он сказал:
«За гордость рок меня так люто наказал,
Что не послушался я умного совету.
Но можно ль было ожидать,
Чтобы ничтожный Крот совет мог добрый дать?» —
«Когда бы ты не презрел мною»,
Из норки Крот сказал: «то вспомнил бы, что рою
Свои я норы под землей,
И что, случаясь близ корней,
Здорово ль дерево, я знать могу верней».]]></text>
</doc>
