<doc>
  <source auto="true" type="str" verify="true"><![CDATA[https://rustih.ru/omar-xajyam-vsex-kto-star-i-kto-molod-chto-nyne-zhivut/]]></source>
  <category auto="true" type="str" verify="true"><![CDATA[Рубаи]]></category>
  <author auto="true" type="str" verify="true"><![CDATA[Омар Хайям]]></author>
  <title auto="true" type="str" verify="true"><![CDATA[Всех, кто стар и кто молод, что ныне живут]]></title>
  <text auto="true" type="str" verify="true"><![CDATA[Всех, кто стар и кто молод, что ныне живут,
В темноту одного за другим уведут.
Жизнь дана не навек. Как до нас уходили,
Мы уйдем; и за нами — придут и уйдут.]]></text>
</doc>
