<doc>
  <source auto="true" type="str" verify="true"><![CDATA[https://rustih.ru/bella-axmadulina-o-ty-chinara/]]></source>
  <category auto="true" type="str" verify="true"><![CDATA[Стихи]]></category>
  <author auto="true" type="str" verify="true"><![CDATA[Белла Ахмадулина]]></author>
  <title auto="true" type="str" verify="true"><![CDATA[О ты, чинара]]></title>
  <text auto="true" type="str" verify="true"><![CDATA[О ты, чинара,
взмывшая высоко, —
страшны ли тебе ветер и гроза?
На фоне просветлевшего востока
ты открываешь медленно глаза.
Всей кожей на рассвете холодея,
ты распуши листву
и так замри,
безмолвная,
как Тао и Халдея,
соединеньем неба и земли.
Назначена
для страсти и восторга
бровей твоих
надменная краса…
О ты, чинара,
взмывшая высоко, —
страшны ли тебе ветер и гроза?!]]></text>
</doc>
