<doc>
  <source auto="true" type="str" verify="true"><![CDATA[https://rustih.ru/omar-xajyam-bud-zhizn-tebe-xot-v-trista-let-dana/]]></source>
  <category auto="true" type="str" verify="true"><![CDATA[Рубаи]]></category>
  <author auto="true" type="str" verify="true"><![CDATA[Омар Хайям]]></author>
  <title auto="true" type="str" verify="true"><![CDATA[Будь жизнь тебе хоть в триста лет дана]]></title>
  <text auto="true" type="str" verify="true"><![CDATA[Будь жизнь тебе хоть в триста лет дана
Но все равно она обречена,
Будь ты халиф или базарный нищий,
В конечном счете — всем одна цена.]]></text>
</doc>
