<doc>
  <source auto="true" type="str" verify="true"><![CDATA[https://rustih.ru/omar-xajyam-vmesto-zlata-i-zhemchuga-s-yantarem/]]></source>
  <category auto="true" type="str" verify="true"><![CDATA[Рубаи]]></category>
  <author auto="true" type="str" verify="true"><![CDATA[Омар Хайям]]></author>
  <title auto="true" type="str" verify="true"><![CDATA[Вместо злата и жемчуга с янтарем]]></title>
  <text auto="true" type="str" verify="true"><![CDATA[Вместо злата и жемчуга с янтарем
Мы другое богатство себе изберем:
Сбрось наряды, прикрой свое тело старьем,
Но и в жалких лохмотьях — останься царем!]]></text>
</doc>
