<doc>
  <source auto="true" type="str" verify="true"><![CDATA[https://rustih.ru/omar-xajyam-ax-skolko-skolko-raz-vstavaya-oto-sna/]]></source>
  <category auto="true" type="str" verify="true"><![CDATA[Рубаи]]></category>
  <author auto="true" type="str" verify="true"><![CDATA[Омар Хайям]]></author>
  <title auto="true" type="str" verify="true"><![CDATA[Ах, сколько, сколько раз, вставая ото сна]]></title>
  <text auto="true" type="str" verify="true"><![CDATA[Ах, сколько, сколько раз, вставая ото сна,
Я обещал, что впредь не буду пить вина,
Но нынче, господи, я не даю зарока:
Могу ли я не пить, когда пришла весна?]]></text>
</doc>
