<doc>
  <source auto="true" type="str" verify="true"><![CDATA[https://rustih.ru/bella-axmadulina-on-bezmolvstvuet/]]></source>
  <category auto="true" type="str" verify="true"><![CDATA[Стихи]]></category>
  <author auto="true" type="str" verify="true"><![CDATA[Белла Ахмадулина]]></author>
  <title auto="true" type="str" verify="true"><![CDATA[Он безмолвствует]]></title>
  <text auto="true" type="str" verify="true"><![CDATA[Он безмолвствует,
спит на крышах,
но вот он гудеть начинает,
и тогда
на зеленых крыльях
поднимаются
к солнцу
чинары.
Страх перед ними осиля,
плача от тяжкой печали,
взмывают мои осины,
шевеля
большими плечами.]]></text>
</doc>
