<doc>
  <source auto="true" type="str" verify="true"><![CDATA[https://rustih.ru/omar-xajyam-bog-est-i-vsyo-est-bog/]]></source>
  <category auto="true" type="str" verify="true"><![CDATA[Рубаи]]></category>
  <author auto="true" type="str" verify="true"><![CDATA[Омар Хайям]]></author>
  <title auto="true" type="str" verify="true"><![CDATA[Бог есть, и всё есть Бог]]></title>
  <text auto="true" type="str" verify="true"><![CDATA[Бог есть, и всё есть Бог! Вот средоточье знанья,
Почерпнутого мной из Книги мирозданья.
Сиянье Истины увидел сердцем я,
И мрак безбожия сгорел до основанья.]]></text>
</doc>
