<doc>
  <source auto="true" type="str" verify="true"><![CDATA[https://rustih.ru/bella-axmadulina-gruzinskix-zhenshhin-imena/]]></source>
  <category auto="true" type="str" verify="true"><![CDATA[Стихи]]></category>
  <author auto="true" type="str" verify="true"><![CDATA[Белла Ахмадулина]]></author>
  <title auto="true" type="str" verify="true"><![CDATA[Грузинских женщин имена]]></title>
  <text auto="true" type="str" verify="true"><![CDATA[Там в море паруса плутали,
и, непричастные жаре,
медлительно цвели платаны
и осыпались в ноябре.]]></text>
</doc>
