<doc>
  <source auto="true" type="str" verify="true"><![CDATA[https://rustih.ru/vladimir-mayakovskij-vyvod/]]></source>
  <category auto="true" type="str" verify="true"><![CDATA[Стихи]]></category>
  <author auto="true" type="str" verify="true"><![CDATA[Владимир Маяковский]]></author>
  <title auto="true" type="str" verify="true"><![CDATA[Вывод]]></title>
  <text auto="true" type="str" verify="true"><![CDATA[Не смоют любовь
ни ссоры,
ни версты.
Продумана,
выверена,
проверена.
Подъемля торжественно стих стокоперстый,
клянусь —
люблю
неизменно и верно!]]></text>
</doc>
