<doc>
  <source auto="true" type="str" verify="true"><![CDATA[https://rustih.ru/omar-xajyam-dveri-etoj-obiteli-vyxod-i-vxod/]]></source>
  <category auto="true" type="str" verify="true"><![CDATA[Рубаи]]></category>
  <author auto="true" type="str" verify="true"><![CDATA[Омар Хайям]]></author>
  <title auto="true" type="str" verify="true"><![CDATA[Двери этой обители: выход и вход]]></title>
  <text auto="true" type="str" verify="true"><![CDATA[Двери этой обители: выход и вход.
Что нас ждет, кроме гибели, страха, невзгод?
Счастье? Счастлив, живущий хотя бы мгновенье.
Кто совсем не родился — счастливее тот.]]></text>
</doc>
