<doc>
  <source auto="true" type="str" verify="true"><![CDATA[https://rustih.ru/omar-xajyam-dat-nishhemu-vina-caryom-predstanet-on/]]></source>
  <category auto="true" type="str" verify="true"><![CDATA[Рубаи]]></category>
  <author auto="true" type="str" verify="true"><![CDATA[Омар Хайям]]></author>
  <title auto="true" type="str" verify="true"><![CDATA[Дать нищему вина, царём предстанет он]]></title>
  <text auto="true" type="str" verify="true"><![CDATA[Дать нищему вина — царём предстанет он;
Лисёнка подпоить — на льва восстанет он;
И мудрый во хмелю по-юному воспрянет;
А юный будет пить — мудрее станет он.]]></text>
</doc>
