<doc>
  <source auto="true" type="str" verify="true"><![CDATA[https://rustih.ru/omar-xajyam-vse-carstvo-mira-za-stakan-vina/]]></source>
  <category auto="true" type="str" verify="true"><![CDATA[Рубаи]]></category>
  <author auto="true" type="str" verify="true"><![CDATA[Омар Хайям]]></author>
  <title auto="true" type="str" verify="true"><![CDATA[Все царство мира за стакан вина]]></title>
  <text auto="true" type="str" verify="true"><![CDATA[Все царство мира — за стакан вина!
Всю мудрость книг — за остроту вина!
Все почести — за блеск и бархат винный!
Всю музыку — за бульканье вина!]]></text>
</doc>
