<doc>
  <source auto="true" type="str" verify="true"><![CDATA[https://rustih.ru/omar-xajyam-vidit-bog-ne-propivshis-ya-pit-perestal/]]></source>
  <category auto="true" type="str" verify="true"><![CDATA[Рубаи]]></category>
  <author auto="true" type="str" verify="true"><![CDATA[Омар Хайям]]></author>
  <title auto="true" type="str" verify="true"><![CDATA[Видит бог, не пропившись, я пить перестал]]></title>
  <text auto="true" type="str" verify="true"><![CDATA[Видит бог: не пропившись, я пить перестал,
Не с ханжой согласившись, я пить перестал.
Пил — утешить хотел безутешную душу.
Всей душою влюбившись, я пить перестал.]]></text>
</doc>
