<doc>
  <source auto="true" type="str" verify="true"><![CDATA[https://rustih.ru/bella-axmadulina-o-moj-zastenchivyj-geroj/]]></source>
  <category auto="true" type="str" verify="true"><![CDATA[Стихи]]></category>
  <author auto="true" type="str" verify="true"><![CDATA[Белла Ахмадулина]]></author>
  <title auto="true" type="str" verify="true"><![CDATA[О, мой застенчивый герой]]></title>
  <text auto="true" type="str" verify="true"><![CDATA[О, мой застенчивый герой,
ты ловко избежал позора.
Как долго я играла роль,
не опираясь на партнера!]]></text>
</doc>
