<doc>
  <source auto="true" type="str" verify="true"><![CDATA[https://rustih.ru/omar-xajyam-bud-volnodumcem/]]></source>
  <category auto="true" type="str" verify="true"><![CDATA[Рубаи]]></category>
  <author auto="true" type="str" verify="true"><![CDATA[Омар Хайям]]></author>
  <title auto="true" type="str" verify="true"><![CDATA[Будь вольнодумцем]]></title>
  <text auto="true" type="str" verify="true"><![CDATA[Будь вольнодумцем! Помни наш зарок:
«Святоша — узок, лицемер — жесток».
Звучит упрямо проповедь Хайяма:
«Разбойничай, но сердцем будь широк!»]]></text>
</doc>
