<doc>
  <source auto="true" type="str" verify="true"><![CDATA[https://rustih.ru/omar-xajyam-daj-mne-vlagi-xmelnoj-ukreplyayushhej-dux/]]></source>
  <category auto="true" type="str" verify="true"><![CDATA[Рубаи]]></category>
  <author auto="true" type="str" verify="true"><![CDATA[Омар Хайям]]></author>
  <title auto="true" type="str" verify="true"><![CDATA[Дай мне влаги хмельной, укрепляющей дух]]></title>
  <text auto="true" type="str" verify="true"><![CDATA[Дай мне влаги хмельной, укрепляющей дух.
Пусть я пьяным напился и взор мой потух —
Дай мне чашу вина! Ибо мир этот — сказка,
Ибо жизнь — словно ветер, а мы — словно пух.]]></text>
</doc>
