<doc>
  <source auto="true" type="str" verify="true"><![CDATA[https://rustih.ru/bella-axmadulina-morskaya-rakovina/]]></source>
  <category auto="true" type="str" verify="true"><![CDATA[Стихи]]></category>
  <author auto="true" type="str" verify="true"><![CDATA[Белла Ахмадулина]]></author>
  <title auto="true" type="str" verify="true"><![CDATA[Морская раковина]]></title>
  <text auto="true" type="str" verify="true"><![CDATA[Я, как <a href="https://rustih.ru/shekspir/">Шекспир</a>, доверюсь монологу
в честь раковины, найденной в земле.
Ты послужила морю молодому,
теперь верни его звучанье мне.]]></text>
</doc>
