<doc>
  <source auto="true" type="str" verify="true"><![CDATA[https://rustih.ru/bella-axmadulina-moskva-nochyu-pri-snegopade/]]></source>
  <category auto="true" type="str" verify="true"><![CDATA[Стихи]]></category>
  <author auto="true" type="str" verify="true"><![CDATA[Белла Ахмадулина]]></author>
  <title auto="true" type="str" verify="true"><![CDATA[Москва ночью при снегопаде]]></title>
  <text auto="true" type="str" verify="true"><![CDATA[Родитель-хранитель-ревнитель души,
что ластишься чудом и чадом?
Усни, не таращь на луну этажи,
не мучь Александровским садом.]]></text>
</doc>
