<doc>
  <source auto="true" type="str" verify="true"><![CDATA[https://rustih.ru/omar-xajyam-v-etom-zamknutom-kruge-kruti-ne-kruti/]]></source>
  <category auto="true" type="str" verify="true"><![CDATA[Рубаи]]></category>
  <author auto="true" type="str" verify="true"><![CDATA[Омар Хайям]]></author>
  <title auto="true" type="str" verify="true"><![CDATA[В этом замкнутом круге крути не крути]]></title>
  <text auto="true" type="str" verify="true"><![CDATA[В этом замкнутом круге — крути не крути —
Не удастся конца и начала найти.
Наша роль в этом мире — придти и уйти.
Кто нам скажет о цели, о смысле пути?]]></text>
</doc>
