<doc>
  <source auto="true" type="str" verify="true"><![CDATA[https://rustih.ru/bella-axmadulina-lermontov-i-ditya/]]></source>
  <category auto="true" type="str" verify="true"><![CDATA[Стихи]]></category>
  <author auto="true" type="str" verify="true"><![CDATA[Белла Ахмадулина]]></author>
  <title auto="true" type="str" verify="true"><![CDATA[Лермонтов и дитя]]></title>
  <text auto="true" type="str" verify="true"><![CDATA[Под сердцем, говорят. Не знаю.
Не вполне.
Вдруг сердце вознеслось
и взмыло надо мною,
сопутствовало мне стороннею луною,
и муки было в нем не боле, чем в луне.
Но люди говорят, и я так говорю.
Иначе как сказать?
Под сердцем — так под сердцем.
Вот сбылся листопад.
Извечным этим средством
не пренебрег октябрь,
склоняясь к ноябрю.
Я все одна была, иль были мы одни
с тем странником,
чья жизнь все больше оживала.
Совпали блажь ума и надобность журнала —
о Лермонтове я писала в эти дни.
Тот, кто отныне стал значением моим,
кормился ручейком
невзрачным и целебным.
Мне снились по ночам
Васильчиков и Глебов.
Мой исподлобный взгляд
присматривался к ним.
Был город истомлен
бесснежным февралем,
но вскоре снег пошел,
и снега стало много.
В тот день потупил взор
невозмутимый Манго
пред пристальным моим
волшебным фонарем.
Зима еще была сохранна и цела.
А там — уже июль, гроза и поединок.]]></text>
</doc>
