<doc>
  <source auto="true" type="str" verify="true"><![CDATA[https://rustih.ru/bella-axmadulina-kak-dolgo-ya-ne-vysypalas/]]></source>
  <category auto="true" type="str" verify="true"><![CDATA[Стихи]]></category>
  <author auto="true" type="str" verify="true"><![CDATA[Белла Ахмадулина]]></author>
  <title auto="true" type="str" verify="true"><![CDATA[Как долго я не высыпалась]]></title>
  <text auto="true" type="str" verify="true"><![CDATA[Как долго я не высыпалась,
писала медленно, да зря.
Прощай, моя высокопарность!
Привет, любезные друзья!]]></text>
</doc>
