<doc>
  <source auto="true" type="str" verify="true"><![CDATA[https://rustih.ru/bella-axmadulina-zaklinanie/]]></source>
  <category auto="true" type="str" verify="true"><![CDATA[Стихи]]></category>
  <author auto="true" type="str" verify="true"><![CDATA[Белла Ахмадулина]]></author>
  <title auto="true" type="str" verify="true"><![CDATA[Заклинание]]></title>
  <text auto="true" type="str" verify="true"><![CDATA[Не плачьте обо мне — я проживу
счастливой нищей, доброй каторжанкой,
озябшею на севере южанкой,
чахоточной да злой петербуржанкой
на малярийном юге проживу.]]></text>
</doc>
