<doc>
  <source auto="true" type="str" verify="true"><![CDATA[https://rustih.ru/omar-xajyam-bud-vse-dobro-moe-kirpich-odin-v-kruzhalo/]]></source>
  <category auto="true" type="str" verify="true"><![CDATA[Рубаи]]></category>
  <author auto="true" type="str" verify="true"><![CDATA[Омар Хайям]]></author>
  <title auto="true" type="str" verify="true"><![CDATA[Будь все добро мое кирпич один, в кружало]]></title>
  <text auto="true" type="str" verify="true"><![CDATA[Будь все добро мое кирпич один, в кружало
Его бы я отнес в обмен на полбокала.
Как завтра проживу? Продам чалму в плащ,
Ведь не святая же Мария их соткала.]]></text>
</doc>
