<doc>
  <source auto="true" type="str" verify="true"><![CDATA[https://rustih.ru/bella-axmadulina-nesmeyana/]]></source>
  <category auto="true" type="str" verify="true"><![CDATA[Стихи]]></category>
  <author auto="true" type="str" verify="true"><![CDATA[Белла Ахмадулина]]></author>
  <title auto="true" type="str" verify="true"><![CDATA[Несмеяна]]></title>
  <text auto="true" type="str" verify="true"><![CDATA[Так и сижу — царевна Несмеяна,
ем яблоки, и яблоки горчат.
— Царевна, отвори нам! Нас немало! —
под окнами прохожие кричат.]]></text>
</doc>
