<doc>
  <source auto="true" type="str" verify="true"><![CDATA[https://rustih.ru/omar-xajyam-vetrom-v-kudri-ee-zaletet-nelegko/]]></source>
  <category auto="true" type="str" verify="true"><![CDATA[Рубаи]]></category>
  <author auto="true" type="str" verify="true"><![CDATA[Омар Хайям]]></author>
  <title auto="true" type="str" verify="true"><![CDATA[Ветром в кудри ее залететь нелегко]]></title>
  <text auto="true" type="str" verify="true"><![CDATA[Ветром в кудри ее залететь нелегко,
И страданий в любви не иметь нелегко.
Говорят, что глазам ее лик недоступен —
Оком пьяным, конечно, глядеть нелегко!]]></text>
</doc>
