<doc>
  <source auto="true" type="str" verify="true"><![CDATA[https://rustih.ru/bella-axmadulina-o-babochek-vzlety-i-slety/]]></source>
  <category auto="true" type="str" verify="true"><![CDATA[Стихи]]></category>
  <author auto="true" type="str" verify="true"><![CDATA[Белла Ахмадулина]]></author>
  <title auto="true" type="str" verify="true"><![CDATA[О бабочек взлеты и слеты]]></title>
  <text auto="true" type="str" verify="true"><![CDATA[О бабочек взлеты и слеты!
Может быть, я ошибаюсь.
То слезы,
но добрые слезы.
Я плачу
и улыбаюсь.]]></text>
</doc>
