<doc>
  <source auto="true" type="str" verify="true"><![CDATA[https://rustih.ru/bella-axmadulina-na-smert-poeta/]]></source>
  <category auto="true" type="str" verify="true"><![CDATA[Стихи]]></category>
  <author auto="true" type="str" verify="true"><![CDATA[Белла Ахмадулина]]></author>
  <title auto="true" type="str" verify="true"><![CDATA[На смерть поэта]]></title>
  <text auto="true" type="str" verify="true"><![CDATA[В горле моем заглушенного горя мгновенье-
вот преткновенье для вздоха, и где дуновенье
воздуха? — вымер он весь иль повеять ленится?
Тяжко, неможется, душно дубам Леонидзе.
Гогла, твой дом опален твоим жаром последним.
Грозный ожог угрожает деревьям соседним.
Гогла, платан, что привык быть тобою воспетым,
проклятый пеклом, горит и становится пеплом.
Если и сосен к себе не зовешь пред разлукой, —
как же ты занят твоей огнедышащей мукой!
Доблестный Мцыри, скиталец нездешней пустыни,
где же та пустынь, в которой отшельник ты ныне?
Слово одно исцелит твое бедное горло,
ты ли не знаешь об этом, о Гогла, о Гогла!
Смертная мука пребудет блаженством всего лишь,
если гортань ты о ней говорить приневолишь.
Лютую смерть, бездыханную участь предмета
вытерпеть легче, чем слышать безмолвье поэта.
Грузии речь, ликованье, страданье, награда,
не покидай Леонидзе так рано, не надо,
лишь без тебя он не вынес бы жизни на свете,
лишь без тебя для него бесполезно бессмертье.]]></text>
</doc>
