<doc>
  <source auto="true" type="str" verify="true"><![CDATA[https://rustih.ru/omar-xajyam-govorit-mne-dusha-vlyublena-v-ego-lik/]]></source>
  <category auto="true" type="str" verify="true"><![CDATA[Рубаи]]></category>
  <author auto="true" type="str" verify="true"><![CDATA[Омар Хайям]]></author>
  <title auto="true" type="str" verify="true"><![CDATA[Говорит мне душа — влюблена в его лик]]></title>
  <text auto="true" type="str" verify="true"><![CDATA[Говорит мне душа — влюблена в его лик,
Звук речей его в самое сердце проник.
Перлы тайн наполняют мне душу и сердце,
Но сказать не могу — пригвожден мой язык!]]></text>
</doc>
