<doc>
  <source auto="true" type="str" verify="true"><![CDATA[https://rustih.ru/omar-xajyam-v-polyax-mezha-ruchej-vesna-krugom/]]></source>
  <category auto="true" type="str" verify="true"><![CDATA[Рубаи]]></category>
  <author auto="true" type="str" verify="true"><![CDATA[Омар Хайям]]></author>
  <title auto="true" type="str" verify="true"><![CDATA[В полях межа. Ручей. Весна кругом]]></title>
  <text auto="true" type="str" verify="true"><![CDATA[В полях — межа. Ручей. Весна кругом.
И девушка идет ко мне с вином.
Прекрасен миг! А стань о вечном думать,
И кончено: поджал бы хвост щенком!]]></text>
</doc>
