<doc>
  <source auto="true" type="str" verify="true"><![CDATA[https://rustih.ru/bella-axmadulina-kakie-rozovye-shheki/]]></source>
  <category auto="true" type="str" verify="true"><![CDATA[Стихи]]></category>
  <author auto="true" type="str" verify="true"><![CDATA[Белла Ахмадулина]]></author>
  <title auto="true" type="str" verify="true"><![CDATA[Какие розовые щеки]]></title>
  <text auto="true" type="str" verify="true"><![CDATA[Какие розовые щеки,
и в каждой светит по костру,
и глаз голубенькие щелки
еще не клонятся ко сну.
О девочка,
что «Деда-эна»
тебе расскажет о земле?
Как виноград лисица ела?
Как заяц белым стал к зиме?
С какою трогательной грустью
ты плачешь! Вздрагивают плечики.
Зачем лисице с белой грудью
попались .маленькие птенчики?!
О, радость первого незнания!
Ты выговорила едва
цветов красивые названия:
«а-и нар-ги-зи, а-и и-а».
Все в маленьком твоем рассудке
запечатлелось, но опять
ласкаешь пестрые рисунки.
Устала книжка,
хочет спать.
День к вечеру переломился.
Вот месяц вышел и горит,
а язычок не утомился.
Смеется он
и говорит.
Жизнь будет сложная и долгая.
О девочка,
запомни так:
страна твоя большая,
добрая,
она вся в реках и цветах.
А ты играешь с мамой в ладушки —
тебе ли думать о судьбе!
Ромашки,
маки
или ландыши —
что больше нравится тебе?]]></text>
</doc>
