<doc>
  <source auto="true" type="str" verify="true"><![CDATA[https://rustih.ru/omar-xajyam-vplot-do-saturna-ya-obryskal-bozhij-svet/]]></source>
  <category auto="true" type="str" verify="true"><![CDATA[Рубаи]]></category>
  <author auto="true" type="str" verify="true"><![CDATA[Омар Хайям]]></author>
  <title auto="true" type="str" verify="true"><![CDATA[Вплоть до Сатурна я обрыскал божий свет]]></title>
  <text auto="true" type="str" verify="true"><![CDATA[Вплоть до Сатурна я обрыскал божий свет.
На все загадки в нем сумел найти ответ,
Сумел преодолеть все узы и преграды,
Лишь узел твой, о смерть, мной не распутан, нет!]]></text>
</doc>
