<doc>
  <source auto="true" type="str" verify="true"><![CDATA[https://rustih.ru/bella-axmadulina-noch/]]></source>
  <category auto="true" type="str" verify="true"><![CDATA[Стихи]]></category>
  <author auto="true" type="str" verify="true"><![CDATA[Белла Ахмадулина]]></author>
  <title auto="true" type="str" verify="true"><![CDATA[Ночь]]></title>
  <text auto="true" type="str" verify="true"><![CDATA[Уже рассвет темнеет с трех сторон,
а все руке недостает отваги,
чтобы пробиться к белизне бумаги
сквозь воздух, затвердевший над столом.]]></text>
</doc>
