<doc>
  <source auto="true" type="str" verify="true"><![CDATA[https://rustih.ru/bella-axmadulina-vzojti-na-scenu/]]></source>
  <category auto="true" type="str" verify="true"><![CDATA[Стихи]]></category>
  <author auto="true" type="str" verify="true"><![CDATA[Белла Ахмадулина]]></author>
  <title auto="true" type="str" verify="true"><![CDATA[Взойти на сцену]]></title>
  <text auto="true" type="str" verify="true"><![CDATA[Пришла и говорю: как нынешнему снегу
легко лететь с небес в угоду февралю,
так мне в угоду вам легко взойти на сцену.
Не верьте мне, когда я это говорю.]]></text>
</doc>
