<doc>
  <source auto="true" type="str" verify="true"><![CDATA[https://rustih.ru/bella-axmadulina-31-dekabrya/]]></source>
  <category auto="true" type="str" verify="true"><![CDATA[Стихи]]></category>
  <author auto="true" type="str" verify="true"><![CDATA[Белла Ахмадулина]]></author>
  <title auto="true" type="str" verify="true"><![CDATA[31 декабря]]></title>
  <text auto="true" type="str" verify="true"><![CDATA[Этот день — как зима, если осень причислить к зиме,
и продолжить весной, и прибавить холодное лето.
Этот день — словно год, происходит и длится во мне,
и конца ему нет. О, не слишком ли долго все это?]]></text>
</doc>
