<doc>
  <source auto="true" type="str" verify="true"><![CDATA[https://rustih.ru/bella-axmadulina-dozhd-v-lico-i-klyuchicy/]]></source>
  <category auto="true" type="str" verify="true"><![CDATA[Стихи]]></category>
  <author auto="true" type="str" verify="true"><![CDATA[Белла Ахмадулина]]></author>
  <title auto="true" type="str" verify="true"><![CDATA[Дождь в лицо и ключицы]]></title>
  <text auto="true" type="str" verify="true"><![CDATA[Дождь в лицо и ключицы,
и над мачтами гром.
Ты со мной приключился,
словно шторм с кораблем.]]></text>
</doc>
