<doc>
  <source auto="true" type="str" verify="true"><![CDATA[https://rustih.ru/bella-axmadulina-dom-i-les/]]></source>
  <category auto="true" type="str" verify="true"><![CDATA[Стихи]]></category>
  <author auto="true" type="str" verify="true"><![CDATA[Белла Ахмадулина]]></author>
  <title auto="true" type="str" verify="true"><![CDATA[Дом и лес]]></title>
  <text auto="true" type="str" verify="true"><![CDATA[Этот дом увядает, как лес…
Но над лесом — присмотр небосвода,
и о лесе печется природа,
соблюдая его интерес.]]></text>
</doc>
