<doc>
  <source auto="true" type="str" verify="true"><![CDATA[https://rustih.ru/bella-axmadulina-pereklikayutsya-kuropatki/]]></source>
  <category auto="true" type="str" verify="true"><![CDATA[Стихи]]></category>
  <author auto="true" type="str" verify="true"><![CDATA[Белла Ахмадулина]]></author>
  <title auto="true" type="str" verify="true"><![CDATA[Перекликаются куропатки]]></title>
  <text auto="true" type="str" verify="true"><![CDATA[Перекликаются куропатки…
И, рассеивая аромат,
в том парке
и в этом парке
цветы танцуют и говорят.
Опьяняются ими долины
в пятнах света и темноты,
и опять,
опять неделимы
бабочки
и цветы.
Ветры землю проветривают,
начинаясь там,
у реки.
Пчелы волшебниц проведывают.
Сплетничают мотыльки.
Который год,
о, который год
повторяются эти порядки.
Сумерки спускаются с гор…
Исступленно перекликаются куропатки.]]></text>
</doc>
