<doc>
  <source auto="true" type="str" verify="true"><![CDATA[https://rustih.ru/bella-axmadulina-v-den-pobedy/]]></source>
  <category auto="true" type="str" verify="true"><![CDATA[Стихи]]></category>
  <author auto="true" type="str" verify="true"><![CDATA[Белла Ахмадулина]]></author>
  <title auto="true" type="str" verify="true"><![CDATA[В День Победы]]></title>
  <text auto="true" type="str" verify="true"><![CDATA[О медлительная побелка
этих яблоневых лепестков!
Так здравствуй, победа,
победа,
победа во веки веков!
Выходи,
чиамария,
празднуй,
тонко крылышками трубя.
Мои руки совсем не опасны —
мои руки
ласкают тебя.
Возмужавшей земле обожженной
не управиться
с новой травой.
Где наш враг?
Он лежит,
пораженный
справедливой и меткой стрелой.
Чиамария,
как мы тужили,
как мы плакали,
горе терпя,
но смеется
герой Цицишвили,
защитивший меня и тебя.
Чиамария,
мир, а не горе!
И, вступая в привычки труда,
тут степенно пройдется Никора,
и воскреснет за ним борозда.
Как Никора доволен работой!
Как глаза его добро глядят!
Я стою среди луга рябого.
«Гу-гу-гу…»
Это вязы гудят…]]></text>
</doc>
