<doc>
  <source auto="true" type="str" verify="true"><![CDATA[https://rustih.ru/omar-xajyam-velikaya-pobeda-chto-znaet-chelovechestvo/]]></source>
  <category auto="true" type="str" verify="true"><![CDATA[Рубаи]]></category>
  <author auto="true" type="str" verify="true"><![CDATA[Омар Хайям]]></author>
  <title auto="true" type="str" verify="true"><![CDATA[Великая победа, что знает человечество]]></title>
  <text auto="true" type="str" verify="true"><![CDATA[Великая победа, что знает человечество,
Победа не над смертью, и верь, не над судьбой.
Вам засчитал очко судья, что судит суд небесный,
Только одну победу — победу над собой.]]></text>
</doc>
