<doc>
  <source auto="true" type="str" verify="true"><![CDATA[https://rustih.ru/bella-axmadulina-vxodila-v-guriyu-kalanda/]]></source>
  <category auto="true" type="str" verify="true"><![CDATA[Стихи]]></category>
  <author auto="true" type="str" verify="true"><![CDATA[Белла Ахмадулина]]></author>
  <title auto="true" type="str" verify="true"><![CDATA[Входила в Гурию Каланда]]></title>
  <text auto="true" type="str" verify="true"><![CDATA[Я помню изгородь под инеем.
Снег падал тихо и светло.
Кричит петух — и вспоминаю я
мое гурийское село.
Проламывалась наледь тонкая
под грузом шага моего,
и лаяла устало Толия,
сама не зная, на кого.
Похожий на большую букву,
один на вековом посту
дуб укрывался, словно в бурку,
в свою дырявую листву.
Глубокий снег следы марали,
тропинка далеко вела,
и возле вещего марани
был ветер пьяным от вина.
Все это — где-то и когда-то,
но позабыть о том нельзя…
Входила в Гурию каланда
и чичилаки нам несла.]]></text>
</doc>
