<doc>
  <source auto="true" type="str" verify="true"><![CDATA[https://rustih.ru/bella-axmadulina-oxotnik-sumrachno-i-derzko/]]></source>
  <category auto="true" type="str" verify="true"><![CDATA[Стихи]]></category>
  <author auto="true" type="str" verify="true"><![CDATA[Белла Ахмадулина]]></author>
  <title auto="true" type="str" verify="true"><![CDATA[Охотник сумрачно и дерзко]]></title>
  <text auto="true" type="str" verify="true"><![CDATA[Охотник сумрачно и дерзко
раскладывает западни.
Здесь ходит горная индейка —
ее подстерегут они.
О, по опасной той аллее
мы пробегаем много дней.
Как годовалые олени,
пугаемся своих теней.
О, будь, индейка, осторожна,
не проходи по той тропе.
Ты слышишь?
Горестно,
тревожно
твой милый
плачет о тебе.]]></text>
</doc>
