<doc>
  <source auto="true" type="str" verify="true"><![CDATA[https://rustih.ru/bella-axmadulina-vozvrashhenie-iz-leningrad/]]></source>
  <category auto="true" type="str" verify="true"><![CDATA[Стихи]]></category>
  <author auto="true" type="str" verify="true"><![CDATA[Белла Ахмадулина]]></author>
  <title auto="true" type="str" verify="true"><![CDATA[Возвращение из Ленинграда]]></title>
  <text auto="true" type="str" verify="true"><![CDATA[Всё б глаз не отрывать от города Петрова,
гармонию читать во всех его чертах
и думать: вот гранит, а дышит, как природа…
Да надобно домой. Перрон. Подъезд. Чердак.]]></text>
</doc>
