<doc>
  <source auto="true" type="str" verify="true"><![CDATA[https://rustih.ru/omar-xajyam-grex-xajyam-sovershil-i-sovsem-zanemog/]]></source>
  <category auto="true" type="str" verify="true"><![CDATA[Рубаи]]></category>
  <author auto="true" type="str" verify="true"><![CDATA[Омар Хайям]]></author>
  <title auto="true" type="str" verify="true"><![CDATA[Грех Хайям совершил и совсем занемог]]></title>
  <text auto="true" type="str" verify="true"><![CDATA[Грех Хайям совершил и совсем занемог,
Пребывает в плену бесполезных тревог,
Верь, господь потому и грехи позволяет,
Чтоб потом нас простить он по-божески мог.]]></text>
</doc>
