<doc>
  <source auto="true" type="str" verify="true"><![CDATA[https://rustih.ru/bella-axmadulina-vse-chto-videla-i-chitala/]]></source>
  <category auto="true" type="str" verify="true"><![CDATA[Стихи]]></category>
  <author auto="true" type="str" verify="true"><![CDATA[Белла Ахмадулина]]></author>
  <title auto="true" type="str" verify="true"><![CDATA[Все, что видела и читала]]></title>
  <text auto="true" type="str" verify="true"><![CDATA[Все, что видела и читала,
все —
твое,
о тебе,
с тобой.
В моем сердце
растет чинара,
ночью ставшая голубой.
И в минуту самую грустную
предо мною одна,
дорогая,
ты, прекрасная Грузия.]]></text>
</doc>
