<doc>
  <source auto="true" type="str" verify="true"><![CDATA[https://rustih.ru/bella-axmadulina-kolokola-zvonyat-i-staromodnoj/]]></source>
  <category auto="true" type="str" verify="true"><![CDATA[Стихи]]></category>
  <author auto="true" type="str" verify="true"><![CDATA[Белла Ахмадулина]]></author>
  <title auto="true" type="str" verify="true"><![CDATA[Колокола звонят, и старомодной]]></title>
  <text auto="true" type="str" verify="true"><![CDATA[Колокола звонят, и старомодной
печалью осеняют небеса,
и холодно, и в вышине холодной
двух жаворонков плачут голоса.]]></text>
</doc>
