<doc>
  <source auto="true" type="str" verify="true"><![CDATA[https://rustih.ru/bella-axmadulina-dachnyj-roman/]]></source>
  <category auto="true" type="str" verify="true"><![CDATA[Стихи]]></category>
  <author auto="true" type="str" verify="true"><![CDATA[Белла Ахмадулина]]></author>
  <title auto="true" type="str" verify="true"><![CDATA[Дачный роман]]></title>
  <text auto="true" type="str" verify="true"><![CDATA[Вот вам роман из жизни дачной.
Он начинался в октябре,
когда зимы кристалл невзрачный
мерцал при утренней заре.
И тот, столь счастливо любивший
печаль и блеск осенних дней,
был зренья моего добычей
и пленником души моей.]]></text>
</doc>
