<doc>
  <source auto="true" type="str" verify="true"><![CDATA[https://rustih.ru/bella-axmadulina-vot-zvuk-dozhdya-kak-budto-zvuk-dombry/]]></source>
  <category auto="true" type="str" verify="true"><![CDATA[Стихи]]></category>
  <author auto="true" type="str" verify="true"><![CDATA[Белла Ахмадулина]]></author>
  <title auto="true" type="str" verify="true"><![CDATA[Вот звук дождя как будто звук домбры]]></title>
  <text auto="true" type="str" verify="true"><![CDATA[Вот звук дождя как будто звук домбры, —
так тренькает, так ударяет в зданья.
Прохожему на площади Восстанья
я говорю: — О, будьте так добры.]]></text>
</doc>
