<doc>
  <source auto="true" type="str" verify="true"><![CDATA[https://rustih.ru/bella-axmadulina-lunatiki/]]></source>
  <category auto="true" type="str" verify="true"><![CDATA[Стихи]]></category>
  <author auto="true" type="str" verify="true"><![CDATA[Белла Ахмадулина]]></author>
  <title auto="true" type="str" verify="true"><![CDATA[Лунатики]]></title>
  <text auto="true" type="str" verify="true"><![CDATA[Встает луна, и мстит она за муки
надменной отдаленности своей.
Лунатики протягивают руки
и обреченно следуют за ней.]]></text>
</doc>
