<doc>
  <source auto="true" type="str" verify="true"><![CDATA[https://rustih.ru/omar-xajyam-dver-nasushhnogo-xleba-mne-bozhe-otkroj/]]></source>
  <category auto="true" type="str" verify="true"><![CDATA[Рубаи]]></category>
  <author auto="true" type="str" verify="true"><![CDATA[Омар Хайям]]></author>
  <title auto="true" type="str" verify="true"><![CDATA[Дверь насущного хлеба мне, боже, открой]]></title>
  <text auto="true" type="str" verify="true"><![CDATA[Дверь насущного хлеба мне, боже, открой:
Пусть не подлый подаст — сам дай щедрой рукой.
Напои меня так, чтобы был я без памяти,
Потому и заботы не знал никакой.]]></text>
</doc>
