<doc>
  <source auto="true" type="str" verify="true"><![CDATA[https://rustih.ru/omar-xajyam-vozhdeleya-zhelanij-svoix-ne-tai/]]></source>
  <category auto="true" type="str" verify="true"><![CDATA[Рубаи]]></category>
  <author auto="true" type="str" verify="true"><![CDATA[Омар Хайям]]></author>
  <title auto="true" type="str" verify="true"><![CDATA[Вожделея, желаний своих не таи]]></title>
  <text auto="true" type="str" verify="true"><![CDATA[Вожделея, желаний своих не таи.
В лапах смерти угаснут желанья твои.
А пока мы не стали безжизненным прахом
Виночерпий, живою водой напои!]]></text>
</doc>
