<doc>
  <source auto="true" type="str" verify="true"><![CDATA[https://rustih.ru/bella-axmadulina-iz-glubiny-moix-nevzgod/]]></source>
  <category auto="true" type="str" verify="true"><![CDATA[Стихи]]></category>
  <author auto="true" type="str" verify="true"><![CDATA[Белла Ахмадулина]]></author>
  <title auto="true" type="str" verify="true"><![CDATA[Из глубины моих невзгод]]></title>
  <text auto="true" type="str" verify="true"><![CDATA[Из глубины моих невзгод
молюсь о милом человеке.
Пусть будет счастлив в этот год,
и в следующий, и вовеки.]]></text>
</doc>
