<doc>
  <source auto="true" type="str" verify="true"><![CDATA[https://rustih.ru/omar-xajyam-da-zhenshhina-poxozha-na-vino/]]></source>
  <category auto="true" type="str" verify="true"><![CDATA[Рубаи]]></category>
  <author auto="true" type="str" verify="true"><![CDATA[Омар Хайям]]></author>
  <title auto="true" type="str" verify="true"><![CDATA[Да, женщина похожа на вино]]></title>
  <text auto="true" type="str" verify="true"><![CDATA[Да, женщина похожа на вино,
А где вино,
Там важно для мужчины
Знать чувство меры.
Не ищи причины
В вине, коль пьян —
Виновно не оно.
Да, в женщине, как в книге, мудрость есть.
Понять способен смысл её великий
Лишь грамотный.
И не сердись на книгу,
Коль, неуч, не сумел её прочесть.]]></text>
</doc>
