<doc>
  <source auto="true" type="str" verify="true"><![CDATA[https://rustih.ru/omar-xajyam-blagorodstvo-stradaniem-drug-rozhdeno/]]></source>
  <category auto="true" type="str" verify="true"><![CDATA[Рубаи]]></category>
  <author auto="true" type="str" verify="true"><![CDATA[Омар Хайям]]></author>
  <title auto="true" type="str" verify="true"><![CDATA[Благородство страданием, друг, рождено]]></title>
  <text auto="true" type="str" verify="true"><![CDATA[Благородство страданием, друг, рождено,
Стать жемчужиной — всякой ли капле дано?
Можешь все потерять, сбереги только душу, —
Чаша снова наполнится, было б вино.]]></text>
</doc>
