<doc>
  <source auto="true" type="str" verify="true"><![CDATA[https://rustih.ru/omar-xajyam-v-verxi-ne-lez-vpered-stremyas/]]></source>
  <category auto="true" type="str" verify="true"><![CDATA[Рубаи]]></category>
  <author auto="true" type="str" verify="true"><![CDATA[Омар Хайям]]></author>
  <title auto="true" type="str" verify="true"><![CDATA[В верхи не лезь, вперед стремясь]]></title>
  <text auto="true" type="str" verify="true"><![CDATA[В верхи не лезь; вперед стремясь, других не сбей.
Отбросив яд, дари бальзам души своей.
Чтоб зло тебя на злой земле не поразило,
Злу не учись, злу не учи, зло не лелей!]]></text>
</doc>
