<doc>
  <source auto="true" type="str" verify="true"><![CDATA[https://rustih.ru/bella-axmadulina-ni-slova-o-lyubvi/]]></source>
  <category auto="true" type="str" verify="true"><![CDATA[Стихи]]></category>
  <author auto="true" type="str" verify="true"><![CDATA[Белла Ахмадулина]]></author>
  <title auto="true" type="str" verify="true"><![CDATA[Ни слова о любви]]></title>
  <text auto="true" type="str" verify="true"><![CDATA[Ни слова о любви! Но я о ней ни слова,
не водятся давно в гортани соловьи.
Там пламя посреди пустого небосклона,
но даже в ночь луны ни слова о любви!]]></text>
</doc>
