<doc>
  <source auto="true" type="str" verify="true"><![CDATA[https://rustih.ru/ivan-krylov-pismo-o-polze-zhelanij-basnya/]]></source>
  <category auto="true" type="str" verify="true"><![CDATA[Басни]]></category>
  <author auto="true" type="str" verify="true"><![CDATA[Иван Крылов]]></author>
  <title auto="true" type="str" verify="true"><![CDATA[Письмо о пользе желаний (Басня)]]></title>
  <text auto="true" type="str" verify="true"><![CDATA[Наскуча век желаньями терзаться,
Препятством чтя их к благу моему,
Сжал сердце я и волю дал уму,
Чтобы от них навеки отвязаться.]]></text>
</doc>
