<doc>
  <source auto="true" type="str" verify="true"><![CDATA[https://rustih.ru/omar-xajyam-daj-vina-chtob-vesele-lilos-cherez-kraj/]]></source>
  <category auto="true" type="str" verify="true"><![CDATA[Рубаи]]></category>
  <author auto="true" type="str" verify="true"><![CDATA[Омар Хайям]]></author>
  <title auto="true" type="str" verify="true"><![CDATA[Дай вина, чтоб веселье лилось через край]]></title>
  <text auto="true" type="str" verify="true"><![CDATA[Дай вина, чтоб веселье лилось через край,
Чтобы здесь, на земле, мы изведали рай!
Звучный чанг принеси и душистые травы.
Благовония — жги, а на чанге — играй.]]></text>
</doc>
