<doc>
  <source auto="true" type="str" verify="true"><![CDATA[https://rustih.ru/omar-xajyam-blagorodnye-lyudi-drug-druga-lyubya/]]></source>
  <category auto="true" type="str" verify="true"><![CDATA[Рубаи]]></category>
  <author auto="true" type="str" verify="true"><![CDATA[Омар Хайям]]></author>
  <title auto="true" type="str" verify="true"><![CDATA[Благородные люди, друг друга любя]]></title>
  <text auto="true" type="str" verify="true"><![CDATA[Благородные люди, друг друга любя,
Видят горе других, забывают себя.
Если чести и блеска зеркал ты желаешь, —
Не завидуй другим, — и возлюбят тебя.]]></text>
</doc>
