<doc>
  <source auto="true" type="str" verify="true"><![CDATA[https://rustih.ru/bella-axmadulina-my-rasstaemsya-i-odnovremenno/]]></source>
  <category auto="true" type="str" verify="true"><![CDATA[Стихи]]></category>
  <author auto="true" type="str" verify="true"><![CDATA[Белла Ахмадулина]]></author>
  <title auto="true" type="str" verify="true"><![CDATA[Мы расстаемся, и одновременно]]></title>
  <text auto="true" type="str" verify="true"><![CDATA[— Мы расстаемся — и одновременно
овладевает миром перемена,
и страсть к измене так в нем велика,
что берегами брезгает река,
охладевают к небу облака,
кивает правой левая рука
и ей надменно говорит: — Пока!]]></text>
</doc>
