<doc>
  <source auto="true" type="str" verify="true"><![CDATA[https://rustih.ru/bella-axmadulina-vospominanie-o-yalte/]]></source>
  <category auto="true" type="str" verify="true"><![CDATA[Стихи]]></category>
  <author auto="true" type="str" verify="true"><![CDATA[Белла Ахмадулина]]></author>
  <title auto="true" type="str" verify="true"><![CDATA[Воспоминание о Ялте]]></title>
  <text auto="true" type="str" verify="true"><![CDATA[В тот день случился праздник на земле.
Для ликованья все ушли из дома,
оставив мне два фонаря во мгле
по сторонам глухого водоема.]]></text>
</doc>
