<doc>
  <source auto="true" type="str" verify="true"><![CDATA[https://rustih.ru/bella-axmadulina-za-chto-mne-vse-eto/]]></source>
  <category auto="true" type="str" verify="true"><![CDATA[Стихи]]></category>
  <author auto="true" type="str" verify="true"><![CDATA[Белла Ахмадулина]]></author>
  <title auto="true" type="str" verify="true"><![CDATA[За что мне все это]]></title>
  <text auto="true" type="str" verify="true"><![CDATA[За что мне все это?
Февральской теплыни подарки,
поблажки небес:
то прилив, то отлив снегопада.
То гляну в окно:
белизна без единой помарки,
то сумерки выросли,
словно растения сада.]]></text>
</doc>
