<doc>
  <source auto="true" type="str" verify="true"><![CDATA[https://rustih.ru/omar-xajyam-budesh-v-obshhestve-gordyx-uchyonyx-oslov/]]></source>
  <category auto="true" type="str" verify="true"><![CDATA[Рубаи]]></category>
  <author auto="true" type="str" verify="true"><![CDATA[Омар Хайям]]></author>
  <title auto="true" type="str" verify="true"><![CDATA[Будешь в обществе гордых учёных ослов]]></title>
  <text auto="true" type="str" verify="true"><![CDATA[Будешь в обществе гордых учёных ослов,
Постарайся ослом притвориться без слов,
Ибо каждого, кто не осёл, эти дурни
Обвиняют немедля в подрыве основ.]]></text>
</doc>
