<doc>
  <source auto="true" type="str" verify="true"><![CDATA[https://rustih.ru/bella-axmadulina-opyat-net-snega-u-zemli/]]></source>
  <category auto="true" type="str" verify="true"><![CDATA[Стихи]]></category>
  <author auto="true" type="str" verify="true"><![CDATA[Белла Ахмадулина]]></author>
  <title auto="true" type="str" verify="true"><![CDATA[Опять нет снега у земли]]></title>
  <text auto="true" type="str" verify="true"><![CDATA[Опять нет снега у земли.
Снег недоступен » диковин.
Приемлю солнцепек зимы,
облокотись о подоконник.]]></text>
</doc>
