<doc>
  <source auto="true" type="str" verify="true"><![CDATA[https://rustih.ru/bella-axmadulina-noch-pered-vystupleniem/]]></source>
  <category auto="true" type="str" verify="true"><![CDATA[Стихи]]></category>
  <author auto="true" type="str" verify="true"><![CDATA[Белла Ахмадулина]]></author>
  <title auto="true" type="str" verify="true"><![CDATA[Ночь перед выступлением]]></title>
  <text auto="true" type="str" verify="true"><![CDATA[Сегодня, покуда вы спали, надеюсь,
как всадник в дозоре, во тьму я глядела.
Я знала, что поздно, куда же я денусь
от смерти на сцене, от бренного дела!]]></text>
</doc>
