<doc>
  <source auto="true" type="str" verify="true"><![CDATA[https://rustih.ru/ivan-krylov-lev-i-lisica-basnya/]]></source>
  <category auto="true" type="str" verify="true"><![CDATA[Басни]]></category>
  <author auto="true" type="str" verify="true"><![CDATA[Иван Крылов]]></author>
  <title auto="true" type="str" verify="true"><![CDATA[Лев и лисица (Басня)]]></title>
  <text auto="true" type="str" verify="true"><![CDATA[Лиса, не видя сроду Льва,
С ним встретясь, со страстей осталась чуть жива.
Вот, несколько спустя, опять ей Лев попался.
Но уж не так ей страшен показался.
А третий раз потом
Лиса и в разговор пустилася со Львом.
Иного так же мы боимся,
Поколь к нему не приглядимся.]]></text>
</doc>
