<doc>
  <source auto="true" type="str" verify="true"><![CDATA[https://rustih.ru/omar-xajyam-byt-v-plenu-u-lyubvi-serdce-sladko-tebe/]]></source>
  <category auto="true" type="str" verify="true"><![CDATA[Рубаи]]></category>
  <author auto="true" type="str" verify="true"><![CDATA[Омар Хайям]]></author>
  <title auto="true" type="str" verify="true"><![CDATA[Быть в плену у любви, сердце, сладко тебе]]></title>
  <text auto="true" type="str" verify="true"><![CDATA[Быть в плену у любви, сердце, сладко тебе,
В прах склонись, голова, перед милой в мольбе.
Не сердись на капризы прекрасной подруги.
Будь за то, что любим, благодарен судьбе.]]></text>
</doc>
