<doc>
  <source auto="true" type="str" verify="true"><![CDATA[https://rustih.ru/bella-axmadulina-kogda-b-ya-ne-lyubil-tebya-ugryumym/]]></source>
  <category auto="true" type="str" verify="true"><![CDATA[Стихи]]></category>
  <author auto="true" type="str" verify="true"><![CDATA[Белла Ахмадулина]]></author>
  <title auto="true" type="str" verify="true"><![CDATA[Когда б я не любил тебя, угрюмым]]></title>
  <text auto="true" type="str" verify="true"><![CDATA[Когда б я не любил тебя — угрюмым,
огромным бредом сердца и ума, —
я б ждал тебя, и предавался думам,
н созерцал деревья и дома.]]></text>
</doc>
