<doc>
  <source auto="true" type="str" verify="true"><![CDATA[https://rustih.ru/bella-axmadulina-natela-iz-cinandali/]]></source>
  <category auto="true" type="str" verify="true"><![CDATA[Стихи]]></category>
  <author auto="true" type="str" verify="true"><![CDATA[Белла Ахмадулина]]></author>
  <title auto="true" type="str" verify="true"><![CDATA[Натэла из Цинандали]]></title>
  <text auto="true" type="str" verify="true"><![CDATA[Я птицей был, мне разрешалось,
как в небо, ринуться в силок.
Я ринулся — и все смешалось:
Натэла, Цинандали, жадность
к тебе, о виноградный сок.]]></text>
</doc>
