<doc>
  <source auto="true" type="str" verify="true"><![CDATA[https://rustih.ru/bella-axmadulina-v-toj-toske-na-kakuyu-sposoben/]]></source>
  <category auto="true" type="str" verify="true"><![CDATA[Стихи]]></category>
  <author auto="true" type="str" verify="true"><![CDATA[Белла Ахмадулина]]></author>
  <title auto="true" type="str" verify="true"><![CDATA[В той тоске, на какую способен]]></title>
  <text auto="true" type="str" verify="true"><![CDATA[В той тоске, на какую способен
человек, озираясь с утра
в понедельник, зимою спросонок,
в том же месте судьбы, что вчера…]]></text>
</doc>
