<doc>
  <source auto="true" type="str" verify="true"><![CDATA[https://rustih.ru/omar-xajyam-gore-serdcu-kotoroe-lda-xolodnej/]]></source>
  <category auto="true" type="str" verify="true"><![CDATA[Рубаи]]></category>
  <author auto="true" type="str" verify="true"><![CDATA[Омар Хайям]]></author>
  <title auto="true" type="str" verify="true"><![CDATA[Горе сердцу, которое льда холодней]]></title>
  <text auto="true" type="str" verify="true"><![CDATA[Горе сердцу, которое льда холодней,
Не пылает любовью, не знает о ней.
А для сердца влюбленного — день, проведенный
Без возлюбленной, — самый пропащий из дней!]]></text>
</doc>
