<doc>
  <source auto="true" type="str" verify="true"><![CDATA[https://rustih.ru/omar-xajyam-vlyok-i-menya-uchyonyx-oreol/]]></source>
  <category auto="true" type="str" verify="true"><![CDATA[Рубаи]]></category>
  <author auto="true" type="str" verify="true"><![CDATA[Омар Хайям]]></author>
  <title auto="true" type="str" verify="true"><![CDATA[Влёк и меня учёных ореол]]></title>
  <text auto="true" type="str" verify="true"><![CDATA[Влёк и меня учёных ореол.
Я смолоду их слушал, споры вёл,
Сидел у них… Но той же самой дверью
Я выходил, которой и вошёл.]]></text>
</doc>
