<doc>
  <source auto="true" type="str" verify="true"><![CDATA[https://rustih.ru/ivan-krylov-osel-i-zayac-basnya/]]></source>
  <category auto="true" type="str" verify="true"><![CDATA[Басни]]></category>
  <author auto="true" type="str" verify="true"><![CDATA[Иван Крылов]]></author>
  <title auto="true" type="str" verify="true"><![CDATA[Осел и заяц (Басня)]]></title>
  <text auto="true" type="str" verify="true"><![CDATA[Осел не птица,
Он не горазд летать,
Однако ж для него не в первый раз хвастать,
Мычать
И род зверей всех уверять,
Что молодец и он летать,
Что он под облака взовьется, как синица
Или царица
Орлица.
А Заяц тут: «Ну, ну-тка, полети!»
«Ах, ты косой трусиха!»
Осел рычит: «Летаю, как орлиха.
Но не хочу!» — «Пожалуй, захоти!»
Так мудро Заяц отвечает,
Осел бежит, скакает,
И в яму — хлоп!
Не суйся в ризы, коль не поп!]]></text>
</doc>
