<doc>
  <source auto="true" type="str" verify="true"><![CDATA[https://rustih.ru/omar-xajyam-ad-i-raj/]]></source>
  <category auto="true" type="str" verify="true"><![CDATA[Рубаи]]></category>
  <author auto="true" type="str" verify="true"><![CDATA[Омар Хайям]]></author>
  <title auto="true" type="str" verify="true"><![CDATA[Ад и рай]]></title>
  <text auto="true" type="str" verify="true"><![CDATA[«Ад и рай — в небесах», — утверждают ханжи.
Я, в себя заглянув, убедился во лжи:
Ад и рай — не круги во дворце мирозданья,
Ад и рай — это две половины души.]]></text>
</doc>
