<doc>
  <source auto="true" type="str" verify="true"><![CDATA[https://rustih.ru/omar-xajyam-v-zagadki-vechnosti-nikto-ne-posvyashhen/]]></source>
  <category auto="true" type="str" verify="true"><![CDATA[Рубаи]]></category>
  <author auto="true" type="str" verify="true"><![CDATA[Омар Хайям]]></author>
  <title auto="true" type="str" verify="true"><![CDATA[В загадки вечности никто не посвящен]]></title>
  <text auto="true" type="str" verify="true"><![CDATA[В загадки вечности никто не посвящен,
Никто не преступил невидимый заслон.
Бессилен ученик, бессилен и учитель:
От смертной матери любой из нас рожден.]]></text>
</doc>
