<doc>
  <source auto="true" type="str" verify="true"><![CDATA[https://rustih.ru/omar-xajyam-vino-pit-grex/]]></source>
  <category auto="true" type="str" verify="true"><![CDATA[Рубаи]]></category>
  <author auto="true" type="str" verify="true"><![CDATA[Омар Хайям]]></author>
  <title auto="true" type="str" verify="true"><![CDATA[Вино пить грех]]></title>
  <text auto="true" type="str" verify="true"><![CDATA[Вино пить — грех. Подумай, не спеши!
Сам против жизни явно не греши.
В ад посылать из-за вина и женщин?
Тогда в раю, наверно, ни души.]]></text>
</doc>
