<doc>
  <source auto="true" type="str" verify="true"><![CDATA[https://rustih.ru/omar-xajyam-darit-sebya-ne-znachit-prodavat/]]></source>
  <category auto="true" type="str" verify="true"><![CDATA[Рубаи]]></category>
  <author auto="true" type="str" verify="true"><![CDATA[Омар Хайям]]></author>
  <title auto="true" type="str" verify="true"><![CDATA[Дарить себя, не значит продавать]]></title>
  <text auto="true" type="str" verify="true"><![CDATA[Дарить себя — не значит продавать.
И рядом спать — не значит переспать.
Не отомстить — не значит все простить.
Не рядом быть — не значит не любить.]]></text>
</doc>
