<doc>
  <source auto="true" type="str" verify="true"><![CDATA[https://rustih.ru/bella-axmadulina-mravalzhamier/]]></source>
  <category auto="true" type="str" verify="true"><![CDATA[Стихи]]></category>
  <author auto="true" type="str" verify="true"><![CDATA[Белла Ахмадулина]]></author>
  <title auto="true" type="str" verify="true"><![CDATA[Мравалжамиер]]></title>
  <text auto="true" type="str" verify="true"><![CDATA[Твоим вершинам,
белым и синим,
Дарьялу и Тереку,
рекам твоим,
твоим джигитам,
статным и сильным,
а также женщинам,
верным им, —
мравалжамиер, многие лета!]]></text>
</doc>
