<doc>
  <source auto="true" type="str" verify="true"><![CDATA[https://rustih.ru/omar-xajyam-v-tot-chas-kak-svoj-naryad-fialka-rascvetit/]]></source>
  <category auto="true" type="str" verify="true"><![CDATA[Рубаи]]></category>
  <author auto="true" type="str" verify="true"><![CDATA[Омар Хайям]]></author>
  <title auto="true" type="str" verify="true"><![CDATA[В тот час, как свой наряд фиалка расцветит]]></title>
  <text auto="true" type="str" verify="true"><![CDATA[В тот час, как свой наряд фиалка расцветит
И ветер утренний в весенний сад влетит,
Блажен, кто сядет пить вдвоем с сереброгрудой
И разобьет потом бокал о камень плит.]]></text>
</doc>
