<doc>
  <source auto="true" type="str" verify="true"><![CDATA[https://rustih.ru/bella-axmadulina-otryvok-iz-malenkoj-poemy-o-pushkine/]]></source>
  <category auto="true" type="str" verify="true"><![CDATA[Стихи]]></category>
  <author auto="true" type="str" verify="true"><![CDATA[Белла Ахмадулина]]></author>
  <title auto="true" type="str" verify="true"><![CDATA[Отрывок из маленькой поэмы о Пушкине]]></title>
  <text auto="true" type="str" verify="true"><![CDATA[Каков? — Таков: как в Африке, курчав
и рус, как здесь, где вы и я, где север.
Когда влюблен — опасен, зол в речах.
Когда весна — хмур, нездоров, рассеян.]]></text>
</doc>
