<doc>
  <source auto="true" type="str" verify="true"><![CDATA[https://rustih.ru/ivan-krylov-lev-sostarevshijsya-basnya/]]></source>
  <category auto="true" type="str" verify="true"><![CDATA[Басни]]></category>
  <author auto="true" type="str" verify="true"><![CDATA[Иван Крылов]]></author>
  <title auto="true" type="str" verify="true"><![CDATA[Лев состаревшийся (Басня)]]></title>
  <text auto="true" type="str" verify="true"><![CDATA[Могучий Лев, гроза лесов,
Постигнут старостью, лишился силы:
Нет крепости в когтях, нет острых тех зубов,
Чем наводил он ужас на врагов,
И самого едва таскают ноги хилы. ]]></text>
</doc>
