<doc>
  <source auto="true" type="str" verify="true"><![CDATA[https://rustih.ru/omar-xajyam-dazhe-goru-napoish-zaplyashet-ona/]]></source>
  <category auto="true" type="str" verify="true"><![CDATA[Рубаи]]></category>
  <author auto="true" type="str" verify="true"><![CDATA[Омар Хайям]]></author>
  <title auto="true" type="str" verify="true"><![CDATA[Даже гору напоишь, запляшет она]]></title>
  <text auto="true" type="str" verify="true"><![CDATA[Даже гору напоишь, запляшет она,
Только круглый дурак может жить без вина.
Не раскаюсь, что пью. Нас вино воспитало:
Выпьешь чашу — и вся твоя сущность видна.]]></text>
</doc>
