<doc>
  <source auto="true" type="str" verify="true"><![CDATA[https://rustih.ru/bella-axmadulina-iz-cikla-zhenshhiny-i-poety/]]></source>
  <category auto="true" type="str" verify="true"><![CDATA[Стихи]]></category>
  <author auto="true" type="str" verify="true"><![CDATA[Белла Ахмадулина]]></author>
  <title auto="true" type="str" verify="true"><![CDATA[Из цикла Женщины и поэты]]></title>
  <text auto="true" type="str" verify="true"><![CDATA[Так, значит, как вы делаете, друга?
Пораньше встав, пока темно-светло,
открыв тетрадь, перо берете в руки
и пишете? Как, только и всего?]]></text>
</doc>
