<doc>
  <source auto="true" type="str" verify="true"><![CDATA[https://rustih.ru/omar-xajyam-dlya-tex-komu-poznane-tajn-dano/]]></source>
  <category auto="true" type="str" verify="true"><![CDATA[Рубаи]]></category>
  <author auto="true" type="str" verify="true"><![CDATA[Омар Хайям]]></author>
  <title auto="true" type="str" verify="true"><![CDATA[Для тех, кому познанье тайн дано]]></title>
  <text auto="true" type="str" verify="true"><![CDATA[Для тех, кому познанье тайн дано,
И радость, и печаль — не все ль равно?
Но коль добро и зло пройдут бесследно,
Плачь, если хочешь, — или пей вино.]]></text>
</doc>
