<doc>
  <source auto="true" type="str" verify="true"><![CDATA[https://rustih.ru/omar-xajyam-brosat-ne-stoit-v-budushhee-vzglyad/]]></source>
  <category auto="true" type="str" verify="true"><![CDATA[Рубаи]]></category>
  <author auto="true" type="str" verify="true"><![CDATA[Омар Хайям]]></author>
  <title auto="true" type="str" verify="true"><![CDATA[Бросать не стоит в будущее взгляд]]></title>
  <text auto="true" type="str" verify="true"><![CDATA[Бросать не стоит в будущее взгляд,
Мгновенью счастья будь сегодня рад.
Ведь завтра, друг, и мы сочтемся смертью
С ушедшими семь тысяч лет назад.]]></text>
</doc>
