<doc>
  <source auto="true" type="str" verify="true"><![CDATA[https://rustih.ru/bella-axmadulina-merani/]]></source>
  <category auto="true" type="str" verify="true"><![CDATA[Стихи]]></category>
  <author auto="true" type="str" verify="true"><![CDATA[Белла Ахмадулина]]></author>
  <title auto="true" type="str" verify="true"><![CDATA[Мерани]]></title>
  <text auto="true" type="str" verify="true"><![CDATA[Мчится Конь — без дорог, отвергая дорогу любую.
Вслед мне каркает ворон злоокий: живым я не буду.
Мчись, Мерани, пока не паду я на землю сырую!
С ветром бега смешай моих помыслов мрачную бурю!]]></text>
</doc>
