<doc>
  <source auto="true" type="str" verify="true"><![CDATA[https://rustih.ru/omar-xajyam-bezgreshnymi-prixodim-i-greshim/]]></source>
  <category auto="true" type="str" verify="true"><![CDATA[Рубаи]]></category>
  <author auto="true" type="str" verify="true"><![CDATA[Омар Хайям]]></author>
  <title auto="true" type="str" verify="true"><![CDATA[Безгрешными приходим и грешим]]></title>
  <text auto="true" type="str" verify="true"><![CDATA[Безгрешными приходим — и грешим,
Весёлыми приходим — и скорбим.
Сжигаем сердце горькими слезами
И сходим в прах, развеяв жизнь как дым.]]></text>
</doc>
