<doc>
  <source auto="true" type="str" verify="true"><![CDATA[https://rustih.ru/bella-axmadulina-vstuplenie-v-prostudu/]]></source>
  <category auto="true" type="str" verify="true"><![CDATA[Стихи]]></category>
  <author auto="true" type="str" verify="true"><![CDATA[Белла Ахмадулина]]></author>
  <title auto="true" type="str" verify="true"><![CDATA[Вступление в простуду]]></title>
  <text auto="true" type="str" verify="true"><![CDATA[Прост путь к свободе, к ясности ума —
достаточно, чтобы озябли ноги.
Осенние прогулки вдоль дороги
располагают к этому весьма.]]></text>
</doc>
