<doc>
  <source auto="true" type="str" verify="true"><![CDATA[https://rustih.ru/omar-xajyam-bud-xmelnym-i-vlyublennym-vsegda/]]></source>
  <category auto="true" type="str" verify="true"><![CDATA[Рубаи]]></category>
  <author auto="true" type="str" verify="true"><![CDATA[Омар Хайям]]></author>
  <title auto="true" type="str" verify="true"><![CDATA[Будь хмельным и влюбленным всегда]]></title>
  <text auto="true" type="str" verify="true"><![CDATA[Мой совет: будь хмельным и влюбленным всегда.
Быть сановным и важным — не стоит труда.
Не нужны всемогущему господу-богу
Ни усы твои, друг, ни моя борода!]]></text>
</doc>
