<doc>
  <source auto="true" type="str" verify="true"><![CDATA[https://rustih.ru/bella-axmadulina-masterskaya/]]></source>
  <category auto="true" type="str" verify="true"><![CDATA[Стихи]]></category>
  <author auto="true" type="str" verify="true"><![CDATA[Белла Ахмадулина]]></author>
  <title auto="true" type="str" verify="true"><![CDATA[Мастерская]]></title>
  <text auto="true" type="str" verify="true"><![CDATA[Понаблюдаем за экраном,
а холст пусть ждет своей поры,
как будто мы в игру играем,
и вот Вам правила игры.]]></text>
</doc>
