<doc>
  <source auto="true" type="str" verify="true"><![CDATA[https://rustih.ru/omar-xajyam-vino-prozrachnyj-rubin/]]></source>
  <category auto="true" type="str" verify="true"><![CDATA[Рубаи]]></category>
  <author auto="true" type="str" verify="true"><![CDATA[Омар Хайям]]></author>
  <title auto="true" type="str" verify="true"><![CDATA[Вино — прозрачный рубин]]></title>
  <text auto="true" type="str" verify="true"><![CDATA[Вино — прозрачный рубин, а кувшин — рудник.
Фиал — это плоть, а вино в нем — души родник,
В хрустальной чаше искрится вино огневое, —
То — ливень слез, что из крови гроздий возник.]]></text>
</doc>
