<doc>
  <source auto="true" type="str" verify="true"><![CDATA[https://rustih.ru/omar-xajyam-v-zhizni-trezvym-ya-ne-byl-i-k-bogu-na-sud/]]></source>
  <category auto="true" type="str" verify="true"><![CDATA[Рубаи]]></category>
  <author auto="true" type="str" verify="true"><![CDATA[Омар Хайям]]></author>
  <title auto="true" type="str" verify="true"><![CDATA[В жизни трезвым я не был, и к богу на суд]]></title>
  <text auto="true" type="str" verify="true"><![CDATA[В жизни трезвым я не был, и к богу на суд
В Судный день меня пьяного принесут!
До зари я лобзаю заздравную чашу,
Обнимаю за шею любезный сосуд.]]></text>
</doc>
