<doc>
  <source auto="true" type="str" verify="true"><![CDATA[https://rustih.ru/bella-axmadulina-more/]]></source>
  <category auto="true" type="str" verify="true"><![CDATA[Стихи]]></category>
  <author auto="true" type="str" verify="true"><![CDATA[Белла Ахмадулина]]></author>
  <title auto="true" type="str" verify="true"><![CDATA[Море]]></title>
  <text auto="true" type="str" verify="true"><![CDATA[Погрезим о морском просторе!
Там синь, сиянье, там весна.
Хоть в сне чужом увидеть море —
и то заманчиво весьма.]]></text>
</doc>
