<doc>
  <source auto="true" type="str" verify="true"><![CDATA[https://rustih.ru/bella-axmadulina-letit-s-nebes-pletenaya-korzina/]]></source>
  <category auto="true" type="str" verify="true"><![CDATA[Стихи]]></category>
  <author auto="true" type="str" verify="true"><![CDATA[Белла Ахмадулина]]></author>
  <title auto="true" type="str" verify="true"><![CDATA[Летит с небес плетеная корзина]]></title>
  <text auto="true" type="str" verify="true"><![CDATA[Летит с небес плетеная корзина.
Ах, как нетрезвость осени красива!
Задор любви сквозит в ее чертах.
В честь истины, которую мы ждали,
доверимся младенчеству маджари!
А ну-ка чашу! Чашу и черпак!]]></text>
</doc>
