<doc>
  <source auto="true" type="str" verify="true"><![CDATA[https://rustih.ru/omar-xajyam-govoryat-chelovek-remeslo-dolzhen-znat/]]></source>
  <category auto="true" type="str" verify="true"><![CDATA[Рубаи]]></category>
  <author auto="true" type="str" verify="true"><![CDATA[Омар Хайям]]></author>
  <title auto="true" type="str" verify="true"><![CDATA[Говорят, человек ремесло должен знать]]></title>
  <text auto="true" type="str" verify="true"><![CDATA[Говорят, человек ремесло должен знать,
С идеалом отца все деянья сверять.
В наше время, однако, иначе считают:
«Пустяки! Надо золотом лишь обладать!»]]></text>
</doc>
