<doc>
  <source auto="true" type="str" verify="true"><![CDATA[https://rustih.ru/bella-axmadulina-kofejnyj-chertik/]]></source>
  <category auto="true" type="str" verify="true"><![CDATA[Стихи]]></category>
  <author auto="true" type="str" verify="true"><![CDATA[Белла Ахмадулина]]></author>
  <title auto="true" type="str" verify="true"><![CDATA[Кофейный чертик]]></title>
  <text auto="true" type="str" verify="true"><![CDATA[Опять четвертый час. Да что это, ей-богу!
Ну, что, четвертый час, о чём поговорим?
Во времени чужом люблю свою эпоху:
тебя, мой час, тебя, веселый кофеин.]]></text>
</doc>
