<doc>
  <source auto="true" type="str" verify="true"><![CDATA[https://rustih.ru/ivan-krylov-velmozha-basnya/]]></source>
  <category auto="true" type="str" verify="true"><![CDATA[Басни]]></category>
  <author auto="true" type="str" verify="true"><![CDATA[Иван Крылов]]></author>
  <title auto="true" type="str" verify="true"><![CDATA[Вельможа (Басня)]]></title>
  <text auto="true" type="str" verify="true"><![CDATA[Какой-то, в древности, Вельможа
С богато убранного ложа
Отправился в страну, где царствует Плутон.
Сказать простее,— умер он;
И так, как встарь велось, в аду на суд явился.
Тотчас допрос ему: «Чем был ты? где родился?» —
«Родился в Персии, а чином был сатрап;
Но так как, живучи, я был здоровьем слаб,
То сам я областью не правил,
А все дела секретарю оставил».—
«Что ж делал ты?» — «Пил, ел и спал,
Да всё подписывал, что он ни подавал».—
«Скорей же в рай его!» — «Как! где же справедливость?»
Меркурий тут вскричал, забывши всю учтивость.
«Эх, братец!» отвечал Эак:
«Не знаешь дела ты никак.
Не видишь разве ты? Покойник — был дурак!
Что, если бы с такою властью
Взялся он за дела, к несчастью?
Ведь погубил бы целый край!..
И ты б там слез не обобрался!
Затем-то и попал он в рай,
Что за дела не принимался».]]></text>
</doc>
