<doc>
  <source auto="true" type="str" verify="true"><![CDATA[https://rustih.ru/ivan-krylov-petux-i-zhemchuzhnoe-zerno-basnya/]]></source>
  <category auto="true" type="str" verify="true"><![CDATA[Басни]]></category>
  <author auto="true" type="str" verify="true"><![CDATA[Иван Крылов]]></author>
  <title auto="true" type="str" verify="true"><![CDATA[Петух и жемчужное зерно (Басня)]]></title>
  <text auto="true" type="str" verify="true"><![CDATA[Навозну кучу разрывая,
Петух нашел Жемчужное зерно
И говорит: «Куда оно?
Какая вещь пустая!
Не глупо ль, что его высоко так ценят?
А я бы право, был гораздо боле рад
Зерну Ячменному: оно не столь хоть видно,
Да сытно».
________]]></text>
</doc>
