<doc>
  <source auto="true" type="str" verify="true"><![CDATA[https://rustih.ru/bella-axmadulina-v-shiomgvime/]]></source>
  <category auto="true" type="str" verify="true"><![CDATA[Стихи]]></category>
  <author auto="true" type="str" verify="true"><![CDATA[Белла Ахмадулина]]></author>
  <title auto="true" type="str" verify="true"><![CDATA[В Шиомгвиме]]></title>
  <text auto="true" type="str" verify="true"><![CDATA[Железный балкон,
уютный и ветхий.
О, люди редко бывают тут.
Зато миндаль
сюда наклоняется веткой,
и липы опадают,
когда отцветут.]]></text>
</doc>
