<doc>
  <source auto="true" type="str" verify="true"><![CDATA[https://rustih.ru/bella-axmadulina-vstuplenie/]]></source>
  <category auto="true" type="str" verify="true"><![CDATA[Стихи]]></category>
  <author auto="true" type="str" verify="true"><![CDATA[Белла Ахмадулина]]></author>
  <title auto="true" type="str" verify="true"><![CDATA[Вступление]]></title>
  <text auto="true" type="str" verify="true"><![CDATA[Еще не рассвело во мгле экрана.
Как чистый холст, он ждет поры своей.
Пустой экран увидеть так же странно,
как услыхать безмолвную свирель.]]></text>
</doc>
