<doc>
  <source auto="true" type="str" verify="true"><![CDATA[https://rustih.ru/ivan-krylov-pauk-i-grom-basnya/]]></source>
  <category auto="true" type="str" verify="true"><![CDATA[Басни]]></category>
  <author auto="true" type="str" verify="true"><![CDATA[Иван Крылов]]></author>
  <title auto="true" type="str" verify="true"><![CDATA[Паук и гром (Басня)]]></title>
  <text auto="true" type="str" verify="true"><![CDATA[Перед окном
Был дом,
Ударил гром,
И со стены Паук
Вдруг стук,
Упал, лежит,
Разинул рот, оскалил зубы
И шопотом сквозь губы
Вот что кричит:
«Когда б ослом
Я создан был Зевесом,
Ходил бы лесом,
Меня бы гром,
Тряся окном
И дом,
С стены не мог стряхнуть».
Нас чаще с высоты стараются сопхнуть]]></text>
</doc>
