<doc>
  <source auto="true" type="str" verify="true"><![CDATA[https://rustih.ru/omar-xajyam-vse-nedugi-serdechnye-lechit-vino/]]></source>
  <category auto="true" type="str" verify="true"><![CDATA[Рубаи]]></category>
  <author auto="true" type="str" verify="true"><![CDATA[Омар Хайям]]></author>
  <title auto="true" type="str" verify="true"><![CDATA[Все недуги сердечные лечит вино]]></title>
  <text auto="true" type="str" verify="true"><![CDATA[Все недуги сердечные лечит вино.
Муки разума вечные лечит вино.
Эликсира забвения и утешенья
Не страшитесь, увечные, — лечит вино!]]></text>
</doc>
