<doc>
  <source auto="true" type="str" verify="true"><![CDATA[https://rustih.ru/omar-xajyam-vernye-v-rayu-svyatom/]]></source>
  <category auto="true" type="str" verify="true"><![CDATA[Рубаи]]></category>
  <author auto="true" type="str" verify="true"><![CDATA[Омар Хайям]]></author>
  <title auto="true" type="str" verify="true"><![CDATA[Верные в раю святом]]></title>
  <text auto="true" type="str" verify="true"><![CDATA[Ты учишь: «Верные в раю святом
Упьются лаской гурий и вином».
Какой же грех теперь в любви и пьянстве,
Коль мы, в конце концов, к тому ж придем?]]></text>
</doc>
