<doc>
  <source auto="true" type="str" verify="true"><![CDATA[https://rustih.ru/bella-axmadulina-opisanie-komnaty/]]></source>
  <category auto="true" type="str" verify="true"><![CDATA[Стихи]]></category>
  <author auto="true" type="str" verify="true"><![CDATA[Белла Ахмадулина]]></author>
  <title auto="true" type="str" verify="true"><![CDATA[Молитва]]></title>
  <text auto="true" type="str" verify="true"><![CDATA[Ты, населивший мглу вселенной,
то явно видный, то едва,
огонь невнятный и нетленный
материи иль божества,
ты — ангелы или природа,
спасение или напасть,
что ты ни есть, твоя свобода,
твоя торжественная власть.
Не благодать твою, не почесть,
судьба земли, оставь за мной
лишь этой комнаты непрочность,
ничтожную в судьбе земной.
Зачем с разбега бесприютства
влюбилась я в ее черты
всем разумом-де безрассудства,
всем зрением-де слепоты!
Кровать, два стула ненадежных,
свет лампы, сумерки, графин,
и вид на изгородь продолжен
красой невидимых равнин.
Творилась в этих бедных стенах,
оставшись тайною моей,
печаль пустых, благословенных,
от всех сокрытых зимних дней.
Здесь совмещались стол и локоть,
тетрадь ждала карандаша,
и, провожая мимолетность,
беспечно мучилась душа.]]></text>
</doc>
