<doc>
  <source auto="true" type="str" verify="true"><![CDATA[https://rustih.ru/ivan-krylov-pastux-basnya/]]></source>
  <category auto="true" type="str" verify="true"><![CDATA[Басни]]></category>
  <author auto="true" type="str" verify="true"><![CDATA[Иван Крылов]]></author>
  <title auto="true" type="str" verify="true"><![CDATA[Пастух (Басня)]]></title>
  <text auto="true" type="str" verify="true"><![CDATA[У Саввы, Пастуха (он барских пас овец),
Вдруг убывать овечки стали.
Наш молодец
В кручине и печали:
Всем плачется и распускает толк,
Что страшный показался волк,
Что начал он овец таскать из стада
И беспощадно их дерет.
«И не диковина», твердит народ:
«Какая от волков овцам пощада!»
Вот волка стали стеречи.
Но отчего ж у Саввушки в печи
То щи с бараниной, то бок бараний с кашей?
(Из поваренок, за грехи,
В деревню он был сослан в пастухи:
Так кухня у него немножко схожа с нашей.)
За волком поиски; клянет его весь свет;
Обшарили весь лес — а волка следу нет.
Друзья! Пустой ваш труд: на волка только слава,
А ест овец-то — Савва.]]></text>
</doc>
