<doc>
  <source auto="true" type="str" verify="true"><![CDATA[https://rustih.ru/ivan-krylov-oryol-i-pchela-basnya/]]></source>
  <category auto="true" type="str" verify="true"><![CDATA[Басни]]></category>
  <author auto="true" type="str" verify="true"><![CDATA[Иван Крылов]]></author>
  <title auto="true" type="str" verify="true"><![CDATA[Орёл и пчела (Басня)]]></title>
  <text auto="true" type="str" verify="true"><![CDATA[Счастлив, кто на чреде трудится знаменитой:
Ему и то уж силы придает,
Что подвигов его свидетель целый свет.
Но сколь и тот почтен, кто, в низости сокрытый,
За все труды, за весь потерянный покой
Ни славою, ни почестьми не льстится,
И мыслью оживлен одной:
Что к пользе общей он трудится.
                __________]]></text>
</doc>
