<doc>
  <source auto="true" type="str" verify="true"><![CDATA[https://rustih.ru/omar-xajyam-vlyublennyj-na-nogax-pust-derzhitsya-edva/]]></source>
  <category auto="true" type="str" verify="true"><![CDATA[Рубаи]]></category>
  <author auto="true" type="str" verify="true"><![CDATA[Омар Хайям]]></author>
  <title auto="true" type="str" verify="true"><![CDATA[Влюбленный на ногах пусть держится едва]]></title>
  <text auto="true" type="str" verify="true"><![CDATA[Влюбленный на ногах пусть держится едва,
Пусть у него гудит от хмеля голова.
Лишь трезвый человек заботами снедаем,
А пьяному ведь все на свете трын-трава.]]></text>
</doc>
