<doc>
  <source auto="true" type="str" verify="true"><![CDATA[https://rustih.ru/bella-axmadulina-vospominanie/]]></source>
  <category auto="true" type="str" verify="true"><![CDATA[Стихи]]></category>
  <author auto="true" type="str" verify="true"><![CDATA[Белла Ахмадулина]]></author>
  <title auto="true" type="str" verify="true"><![CDATA[Воспоминание]]></title>
  <text auto="true" type="str" verify="true"><![CDATA[Мне говорят: который год
в твоем дому идет ремонт,
и, говорят, спешит народ
взглянуть на бодрый ход работ.]]></text>
</doc>
