<doc>
  <source auto="true" type="str" verify="true"><![CDATA[https://rustih.ru/bella-axmadulina-nemota/]]></source>
  <category auto="true" type="str" verify="true"><![CDATA[Стихи]]></category>
  <author auto="true" type="str" verify="true"><![CDATA[Белла Ахмадулина]]></author>
  <title auto="true" type="str" verify="true"><![CDATA[Немота]]></title>
  <text auto="true" type="str" verify="true"><![CDATA[Кто же был так силен и умен?
Кто мой голос из горла увел?
Не умеет заплакать о нем
рана черная в горле моем.]]></text>
</doc>
