<doc>
  <source auto="true" type="str" verify="true"><![CDATA[https://rustih.ru/bella-axmadulina-motoroller/]]></source>
  <category auto="true" type="str" verify="true"><![CDATA[Стихи]]></category>
  <author auto="true" type="str" verify="true"><![CDATA[Белла Ахмадулина]]></author>
  <title auto="true" type="str" verify="true"><![CDATA[Мотороллер]]></title>
  <text auto="true" type="str" verify="true"><![CDATA[Завиден мне полет твоих колес,
о мотороллер розового цвета!
Слежу за ним, не унимая слез,
что льют без повода в начале лета.]]></text>
</doc>
