<doc>
  <source auto="true" type="str" verify="true"><![CDATA[https://rustih.ru/omar-xajyam-dolgo-l-budesh-skorbet-i-pechalitsya-drug/]]></source>
  <category auto="true" type="str" verify="true"><![CDATA[Рубаи]]></category>
  <author auto="true" type="str" verify="true"><![CDATA[Омар Хайям]]></author>
  <title auto="true" type="str" verify="true"><![CDATA[Долго ль будешь скорбеть и печалиться, друг]]></title>
  <text auto="true" type="str" verify="true"><![CDATA[Долго ль будешь скорбеть и печалиться, друг,
Сокрушаться, что жизнь ускользает из рук?
Пей хмельное вино, в наслажденьях усердствуй,
Веселясь, совершай предначертанный круг!]]></text>
</doc>
