<doc>
  <source auto="true" type="str" verify="true"><![CDATA[https://rustih.ru/ivan-krylov-vorona-i-kurica-basnya/]]></source>
  <category auto="true" type="str" verify="true"><![CDATA[Басни]]></category>
  <author auto="true" type="str" verify="true"><![CDATA[Иван Крылов]]></author>
  <title auto="true" type="str" verify="true"><![CDATA[Ворона и курица (Басня)]]></title>
  <text auto="true" type="str" verify="true"><![CDATA[Когда Смоленский Князь,
Противу дерзости искусством воружась,
Вандалам новым сеть поставил
И на погибель им Москву оставил,
Тогда все жители, и малый и большой,
Часа не тратя, собралися
И вон из стен московских поднялися,
Как из улья пчелиный рой.
Ворона с кровли тут на эту всю тревогу
Спокойно, чистя нос, глядит.
«А ты что ж, кумушка, в дорогу? —]]></text>
</doc>
