<doc>
  <source auto="true" type="str" verify="true"><![CDATA[https://rustih.ru/bella-axmadulina-oleni-na-gumne/]]></source>
  <category auto="true" type="str" verify="true"><![CDATA[Стихи]]></category>
  <author auto="true" type="str" verify="true"><![CDATA[Белла Ахмадулина]]></author>
  <title auto="true" type="str" verify="true"><![CDATA[Олени на Гумне]]></title>
  <text auto="true" type="str" verify="true"><![CDATA[Я молод был. Я чужд был лени.
Хлеб молотил я на гумне.
Я их упрашивал:
— Олени!
Олени, помогите мне!]]></text>
</doc>
