<doc>
  <source auto="true" type="str" verify="true"><![CDATA[https://rustih.ru/bella-axmadulina-avgust/]]></source>
  <category auto="true" type="str" verify="true"><![CDATA[Стихи]]></category>
  <author auto="true" type="str" verify="true"><![CDATA[Белла Ахмадулина]]></author>
  <title auto="true" type="str" verify="true"><![CDATA[Август]]></title>
  <text auto="true" type="str" verify="true"><![CDATA[Так щедро август звезды расточал.
Он так бездумно приступал к владенью,
и обращались лица ростовчан
и всех южан — навстречу их паденью.]]></text>
</doc>
