<doc>
  <source auto="true" type="str" verify="true"><![CDATA[https://rustih.ru/ivan-krylov-muxa-i-pchela-basnya/]]></source>
  <category auto="true" type="str" verify="true"><![CDATA[Басни]]></category>
  <author auto="true" type="str" verify="true"><![CDATA[Иван Крылов]]></author>
  <title auto="true" type="str" verify="true"><![CDATA[Муха и пчела (Басня)]]></title>
  <text auto="true" type="str" verify="true"><![CDATA[В саду, весной, при легком ветерке,
На тонком стебельке
Качалась Муха, сидя,
И, на цветке Пчелу увидя,
Спесиво говорит: «Уж как тебе не лень
С утра до вечера трудиться целый день!
На месте бы твоем я в сутки захирела.
Вот, например, мое
Так, право, райское житье!
За мною только лишь и дела,
Летать по балам, по гостям:
И молвить, не хвалясь, мне в городе знакомы
Вельмож и богачей все домы.
Когда б ты видела, как я пирую там!
Где только свадьба, именины,—
Из первых я уж верно тут.
И ем с фарфоровых богатых блюд,
И пью из хрусталей блестящих сладки вины,
И прежде всех гостей
Беру, что вздумаю, из лакомых сластей;
Притом же, жалуя пол нежной,
Вкруг молодых красавиц вьюсь
И отдыхать у них сажусь
На щечке розовой иль шейке белоснежной».—
«Всё это знаю я», ответствует Пчела:
«Но и о том дошли мне слухи,
Что никому ты не мила,
Что на пирах лишь морщатся от Мухи,
Что даже часто, где, покажешься ты в дом,
Тебя гоняют со стыдом».—
«Вот», Муха говорит: «гоняют! Что? ж такое?
Коль выгонят в окно, так я влечу в другое».]]></text>
</doc>
