<doc>
  <source auto="true" type="str" verify="true"><![CDATA[https://rustih.ru/omar-xajyam-den-zavtrashnij/]]></source>
  <category auto="true" type="str" verify="true"><![CDATA[Рубаи]]></category>
  <author auto="true" type="str" verify="true"><![CDATA[Омар Хайям]]></author>
  <title auto="true" type="str" verify="true"><![CDATA[День завтрашний]]></title>
  <text auto="true" type="str" verify="true"><![CDATA[День завтрашний — увы! — сокрыт от наших глаз!
Спеши использовать летящий в бездну час.
Пей, луноликая! Как часто будет месяц
Всходить на небеса, уже не видя нас.]]></text>
</doc>
