<doc>
  <source auto="true" type="str" verify="true"><![CDATA[https://rustih.ru/omar-xajyam-do-koix-por-unizhennyj-pozor-terpet/]]></source>
  <category auto="true" type="str" verify="true"><![CDATA[Рубаи]]></category>
  <author auto="true" type="str" verify="true"><![CDATA[Омар Хайям]]></author>
  <title auto="true" type="str" verify="true"><![CDATA[До коих пор униженный позор терпеть]]></title>
  <text auto="true" type="str" verify="true"><![CDATA[До коих пор униженный позор терпеть от низких людей?
Доколе гнев столетья сносить, что прежних столетий подлей?
Будь радостным, друг, ведь пост миновал и снова праздник настал,
Давай же рубиновое вино, наполни чаши скорей!]]></text>
</doc>
