<doc>
  <source auto="true" type="str" verify="true"><![CDATA[https://rustih.ru/omar-xajyam-v-zhizni-sej-opyanenie-luchshe-vsego/]]></source>
  <category auto="true" type="str" verify="true"><![CDATA[Рубаи]]></category>
  <author auto="true" type="str" verify="true"><![CDATA[Омар Хайям]]></author>
  <title auto="true" type="str" verify="true"><![CDATA[В жизни сей опьянение лучше всего]]></title>
  <text auto="true" type="str" verify="true"><![CDATA[В жизни сей опьянение лучше всего,
Нежной гурии пение лучше всего,
Вольной мысли кипение лучше всего,
Всех запретов забвение лучше всего.]]></text>
</doc>
