<doc>
  <source auto="true" type="str" verify="true"><![CDATA[https://rustih.ru/bella-axmadulina-dalekaya-shxelda/]]></source>
  <category auto="true" type="str" verify="true"><![CDATA[Стихи]]></category>
  <author auto="true" type="str" verify="true"><![CDATA[Белла Ахмадулина]]></author>
  <title auto="true" type="str" verify="true"><![CDATA[Далекая Шхелда]]></title>
  <text auto="true" type="str" verify="true"><![CDATA[Тот снег — в ожидании нового снега,
скажу лишь о нем, остальное я скрою.
И прошлой зимой длилось действие неба
над Шхелдою, над осиянной горою.]]></text>
</doc>
