<doc>
  <source auto="true" type="str" verify="true"><![CDATA[https://rustih.ru/bella-axmadulina-o-pust-lastochki-obraduyut-nas-vestyu/]]></source>
  <category auto="true" type="str" verify="true"><![CDATA[Стихи]]></category>
  <author auto="true" type="str" verify="true"><![CDATA[Белла Ахмадулина]]></author>
  <title auto="true" type="str" verify="true"><![CDATA[О, пусть ласточки обрадуют нас вестью]]></title>
  <text auto="true" type="str" verify="true"><![CDATA[О, пусть ласточки обрадуют нас вестью
о появлении первых роз.
Пусть мотылек
поцелуется с яблоневой ветвью
и та приоткроет
свой маленький рот.
О, снова март,
и снова это деленье
на голубое с зеленым
с примесью красок других.
Цветы начинаются на земле,
поднимаются на деревья,
и март
раскрывает
их.]]></text>
</doc>
