<doc>
  <source auto="true" type="str" verify="true"><![CDATA[https://rustih.ru/omar-xajyam-den-prekrasen-ni-xolod-s-utra-ni-zhara/]]></source>
  <category auto="true" type="str" verify="true"><![CDATA[Рубаи]]></category>
  <author auto="true" type="str" verify="true"><![CDATA[Омар Хайям]]></author>
  <title auto="true" type="str" verify="true"><![CDATA[День прекрасен: ни холод с утра, ни жара]]></title>
  <text auto="true" type="str" verify="true"><![CDATA[День прекрасен: ни холод с утра, ни жара.
Ослепителен блеск травяного ковра,
Соловей над раскрытою розой с утра
Надрывается: браться за чашу пора!]]></text>
</doc>
