<doc>
  <source auto="true" type="str" verify="true"><![CDATA[https://rustih.ru/omar-xajyam-dlya-mudreca-nastavnik-vsyak/]]></source>
  <category auto="true" type="str" verify="true"><![CDATA[Рубаи]]></category>
  <author auto="true" type="str" verify="true"><![CDATA[Омар Хайям]]></author>
  <title auto="true" type="str" verify="true"><![CDATA[Для мудреца наставник всяк]]></title>
  <text auto="true" type="str" verify="true"><![CDATA[Для мудреца наставник всяк,
Кто Истину порой глаголет!
Не важно Кто, не важно Как,
А важно, Что из уст исходит!]]></text>
</doc>
