<doc>
  <source auto="true" type="str" verify="true"><![CDATA[https://rustih.ru/omar-xajyam-vse-aromaty-zhadno-ya-vdyxal/]]></source>
  <category auto="true" type="str" verify="true"><![CDATA[Рубаи]]></category>
  <author auto="true" type="str" verify="true"><![CDATA[Омар Хайям]]></author>
  <title auto="true" type="str" verify="true"><![CDATA[Все ароматы жадно я вдыхал]]></title>
  <text auto="true" type="str" verify="true"><![CDATA[Все ароматы жадно я вдыхал,
Пил все лучи. А женщин всех желал.
Что жизнь? — Ручей земной блеснул на солнце
И где-то в черной трещине пропал.]]></text>
</doc>
