<doc>
  <source auto="true" type="str" verify="true"><![CDATA[https://rustih.ru/bella-axmadulina-korni/]]></source>
  <category auto="true" type="str" verify="true"><![CDATA[Стихи]]></category>
  <author auto="true" type="str" verify="true"><![CDATA[Белла Ахмадулина]]></author>
  <title auto="true" type="str" verify="true"><![CDATA[Корни]]></title>
  <text auto="true" type="str" verify="true"><![CDATA[Вознесен над Евфратом и Тигром,
сверху вниз я смотрел на века,
обведенные смутным пунктиром,
цвета глины и цвета песка.]]></text>
</doc>
