<doc>
  <source auto="true" type="str" verify="true"><![CDATA[https://rustih.ru/bella-axmadulina-bubny/]]></source>
  <category auto="true" type="str" verify="true"><![CDATA[Стихи]]></category>
  <author auto="true" type="str" verify="true"><![CDATA[Белла Ахмадулина]]></author>
  <title auto="true" type="str" verify="true"><![CDATA[Бубны]]></title>
  <text auto="true" type="str" verify="true"><![CDATA[Когда я говорить устану,
когда наскучат мне слова,
когда я изменю уставу
веселости и торжества, —
выходят из подвалов бубны
тогда,
о, именно тогда,
все их движения так буйны
и песня их так молода.
Осенним солнцем залитые,
они на площади сидят,
и бьют в ладошки золотые
и весело вокруг глядят.]]></text>
</doc>
