<doc>
  <source auto="true" type="str" verify="true"><![CDATA[https://rustih.ru/omar-xajyam-v-sad-ya-v-goresti-vyshel-i-utru-ne-rad/]]></source>
  <category auto="true" type="str" verify="true"><![CDATA[Рубаи]]></category>
  <author auto="true" type="str" verify="true"><![CDATA[Омар Хайям]]></author>
  <title auto="true" type="str" verify="true"><![CDATA[В сад я в горести вышел и утру не рад]]></title>
  <text auto="true" type="str" verify="true"><![CDATA[В сад я в горести вышел и утру не рад,
Розе пел соловей на таинственный лад:
«Покажись из бутона, возрадуйся утру,
Сколько чудных цветов подарил этот сад!»]]></text>
</doc>
