<doc>
  <source auto="true" type="str" verify="true"><![CDATA[https://rustih.ru/omar-xajyam-da-prebudet-vino-nerazluchno-s-toboj/]]></source>
  <category auto="true" type="str" verify="true"><![CDATA[Рубаи]]></category>
  <author auto="true" type="str" verify="true"><![CDATA[Омар Хайям]]></author>
  <title auto="true" type="str" verify="true"><![CDATA[Да пребудет вино неразлучно с тобой]]></title>
  <text auto="true" type="str" verify="true"><![CDATA[Да пребудет вино неразлучно с тобой!
Пей с любою подругой из чаши любой
Виноградную кровь, ибо в черную глину
Превращает людей небосвод голубой.]]></text>
</doc>
