<doc>
  <source auto="true" type="str" verify="true"><![CDATA[https://rustih.ru/omar-xajyam-dlya-togo-kto-za-vneshnostyu-vidit-nutro/]]></source>
  <category auto="true" type="str" verify="true"><![CDATA[Рубаи]]></category>
  <author auto="true" type="str" verify="true"><![CDATA[Омар Хайям]]></author>
  <title auto="true" type="str" verify="true"><![CDATA[Для того, кто за внешностью видит нутро]]></title>
  <text auto="true" type="str" verify="true"><![CDATA[Для того, кто за внешностью видит нутро,
Зло с добром — словно золото и серебро.
Ибо то и другое — дается на время,
Ибо кончатся скоро и зло, и добро.]]></text>
</doc>
