<doc>
  <source auto="true" type="str" verify="true"><![CDATA[https://rustih.ru/bella-axmadulina-metexi/]]></source>
  <category auto="true" type="str" verify="true"><![CDATA[Стихи]]></category>
  <author auto="true" type="str" verify="true"><![CDATA[Белла Ахмадулина]]></author>
  <title auto="true" type="str" verify="true"><![CDATA[Метехи]]></title>
  <text auto="true" type="str" verify="true"><![CDATA[Над Метехи я звезды считал,
письменам их священным дивился-
В небесах, как на древних щитах,
я разгадывал знаки девиза.]]></text>
</doc>
