<doc>
  <source auto="true" type="str" verify="true"><![CDATA[https://rustih.ru/bella-axmadulina-gazirovannaya-voda/]]></source>
  <category auto="true" type="str" verify="true"><![CDATA[Стихи]]></category>
  <author auto="true" type="str" verify="true"><![CDATA[Белла Ахмадулина]]></author>
  <title auto="true" type="str" verify="true"><![CDATA[Газированная вода]]></title>
  <text auto="true" type="str" verify="true"><![CDATA[Вот к будке с газированной водой,
всех автоматов баловень надменный,
таинственный ребенок современный
подходит, как к игрушке заводной.]]></text>
</doc>
