<doc>
  <source auto="true" type="str" verify="true"><![CDATA[https://rustih.ru/bella-axmadulina-vulkany/]]></source>
  <category auto="true" type="str" verify="true"><![CDATA[Стихи]]></category>
  <author auto="true" type="str" verify="true"><![CDATA[Белла Ахмадулина]]></author>
  <title auto="true" type="str" verify="true"><![CDATA[Вулканы]]></title>
  <text auto="true" type="str" verify="true"><![CDATA[Молчат потухшие вулканы,
на дно их падает зола.
Там отдыхают великаны
после содеянного зла.]]></text>
</doc>
