<doc>
  <source auto="true" type="str" verify="true"><![CDATA[https://rustih.ru/bella-axmadulina-gorod/]]></source>
  <category auto="true" type="str" verify="true"><![CDATA[Стихи]]></category>
  <author auto="true" type="str" verify="true"><![CDATA[Белла Ахмадулина]]></author>
  <title auto="true" type="str" verify="true"><![CDATA[Город]]></title>
  <text auto="true" type="str" verify="true"><![CDATA[Привет Вам! Снова все мы в сборе,
но нет ни луга, ни травы.
Художник и Садовник в ссоре,
зато не в ссоре я и Вы.]]></text>
</doc>
