<doc>
  <source auto="true" type="str" verify="true"><![CDATA[https://rustih.ru/omar-xajyam-besposhhadna-sudba-nashi-plany-krusha/]]></source>
  <category auto="true" type="str" verify="true"><![CDATA[Рубаи]]></category>
  <author auto="true" type="str" verify="true"><![CDATA[Омар Хайям]]></author>
  <title auto="true" type="str" verify="true"><![CDATA[Беспощадна судьба, наши планы круша]]></title>
  <text auto="true" type="str" verify="true"><![CDATA[Беспощадна судьба, наши планы круша.
Час настанет — и тело покинет душа.
Не спеши, посиди на траве, под которой
Скоро будешь лежать, никуда не спеша.]]></text>
</doc>
