<doc>
  <source auto="true" type="str" verify="true"><![CDATA[https://rustih.ru/omar-xajyam-gde-vcherashnie-yunoshi-polnye-sil/]]></source>
  <category auto="true" type="str" verify="true"><![CDATA[Рубаи]]></category>
  <author auto="true" type="str" verify="true"><![CDATA[Омар Хайям]]></author>
  <title auto="true" type="str" verify="true"><![CDATA[Где вчерашние юноши, полные сил]]></title>
  <text auto="true" type="str" verify="true"><![CDATA[Где вчерашние юноши, полные сил?
Всех без жалости серп небосвода скосил.
Горевать бесполезно: что было — то сплыло.
Дай вина, чтобы смертный бессмертья вкусил!]]></text>
</doc>
