<doc>
  <source auto="true" type="str" verify="true"><![CDATA[https://rustih.ru/bella-axmadulina-metel-peredelkino-sneg-zametal/]]></source>
  <category auto="true" type="str" verify="true"><![CDATA[Стихи]]></category>
  <author auto="true" type="str" verify="true"><![CDATA[Белла Ахмадулина]]></author>
  <title auto="true" type="str" verify="true"><![CDATA[Метель (Переделкино снег заметал)]]></title>
  <text auto="true" type="str" verify="true"><![CDATA[Переделкино снег заметал.
Средь белейшей метели не мы ли
говорили, да губы немые
целовали мороз, как металл?]]></text>
</doc>
