<doc>
  <source auto="true" type="str" verify="true"><![CDATA[https://rustih.ru/omar-xajyam-vinocherpij-nalej-v-moyu-chashu-vina/]]></source>
  <category auto="true" type="str" verify="true"><![CDATA[Рубаи]]></category>
  <author auto="true" type="str" verify="true"><![CDATA[Омар Хайям]]></author>
  <title auto="true" type="str" verify="true"><![CDATA[Виночерпий, налей в мою чашу вина]]></title>
  <text auto="true" type="str" verify="true"><![CDATA[Виночерпий, налей в мою чашу вина!
Этой влагой целебной упьюсь допьяна,
Перед тем как непрочная плоть моя будет
Гончарами в кувшины превращена.]]></text>
</doc>
