<doc>
  <source auto="true" type="str" verify="true"><![CDATA[https://rustih.ru/bella-axmadulina-vot-solnce/]]></source>
  <category auto="true" type="str" verify="true"><![CDATA[Стихи]]></category>
  <author auto="true" type="str" verify="true"><![CDATA[Белла Ахмадулина]]></author>
  <title auto="true" type="str" verify="true"><![CDATA[Вот солнце]]></title>
  <text auto="true" type="str" verify="true"><![CDATA[Вот солнце
на носки привстало,
и город потянулся сонно.
Ему быть темным
не пристало.
Входило солнце
в город солнца.
И воздух был прозрачный,
ранний,
просвечивающий изнутри.
Стоял Тбилиси, как Ираклий,
у древней крепости Нари.
Такая ли была погода,
когда в Тифлис вступали персы
и не сдавались им подолгу
его воинственные песни?]]></text>
</doc>
