<doc>
  <source auto="true" type="str" verify="true"><![CDATA[https://rustih.ru/bella-axmadulina-muzyka-shopena/]]></source>
  <category auto="true" type="str" verify="true"><![CDATA[Стихи]]></category>
  <author auto="true" type="str" verify="true"><![CDATA[Белла Ахмадулина]]></author>
  <title auto="true" type="str" verify="true"><![CDATA[Музыка Шопена]]></title>
  <text auto="true" type="str" verify="true"><![CDATA[Какая участь нас постигла,
как повезло нам в этот час,
когда бегущая пластинка
одна лишь разделяла нас!]]></text>
</doc>
