<doc>
  <source auto="true" type="str" verify="true"><![CDATA[https://rustih.ru/ivan-krylov-obshhaya-nadgrobnaya/]]></source>
  <category auto="true" type="str" verify="true"><![CDATA[Басни]]></category>
  <author auto="true" type="str" verify="true"><![CDATA[Иван Крылов]]></author>
  <title auto="true" type="str" verify="true"><![CDATA[Общая надгробная]]></title>
  <text auto="true" type="str" verify="true"><![CDATA[Прохожий, посмотри: вот у сего пригорка
Ленивец схоронен, а подле Тараторка.]]></text>
</doc>
