<doc>
  <source auto="true" type="str" verify="true"><![CDATA[https://rustih.ru/bella-axmadulina-on-zhdal-vozniknovenya-svoego/]]></source>
  <category auto="true" type="str" verify="true"><![CDATA[Стихи]]></category>
  <author auto="true" type="str" verify="true"><![CDATA[Белла Ахмадулина]]></author>
  <title auto="true" type="str" verify="true"><![CDATA[Он ждал возникновенья своего]]></title>
  <text auto="true" type="str" verify="true"><![CDATA[Он ждал возникновенья своего
из чащ небытия, из мглы вселенной.
Затем он ждал — все ж этому вело
то юности, то зрелости степенной.]]></text>
</doc>
