<doc>
  <source auto="true" type="str" verify="true"><![CDATA[https://rustih.ru/omar-xajyam-vot-i-eta-minuta-zemnaya-projdyot/]]></source>
  <category auto="true" type="str" verify="true"><![CDATA[Рубаи]]></category>
  <author auto="true" type="str" verify="true"><![CDATA[Омар Хайям]]></author>
  <title auto="true" type="str" verify="true"><![CDATA[Вот и эта минута земная пройдёт]]></title>
  <text auto="true" type="str" verify="true"><![CDATA[Вот и эта минута земная пройдёт,-
Так пускай хоть, печали не зная, пройдёт.
Что ещё на земле нам дано, кроме жизни?
Как её проживешь, так она и пройдёт!]]></text>
</doc>
