<doc>
  <source auto="true" type="str" verify="true"><![CDATA[https://rustih.ru/bella-axmadulina-ananiya/]]></source>
  <category auto="true" type="str" verify="true"><![CDATA[Стихи]]></category>
  <author auto="true" type="str" verify="true"><![CDATA[Белла Ахмадулина]]></author>
  <title auto="true" type="str" verify="true"><![CDATA[Анания]]></title>
  <text auto="true" type="str" verify="true"><![CDATA[Люблю я старинные эти старания:
сбор винограда в ущелье Атени.
Волов погоняет колхозник Анания,
по ягодам туты ступают их тени.]]></text>
</doc>
