<doc>
  <source auto="true" type="str" verify="true"><![CDATA[https://rustih.ru/ivan-krylov-oda-vybrannaya-iz-psalma-71-go/]]></source>
  <category auto="true" type="str" verify="true"><![CDATA[Басни]]></category>
  <author auto="true" type="str" verify="true"><![CDATA[Иван Крылов]]></author>
  <title auto="true" type="str" verify="true"><![CDATA[Ода, выбранная из псалма 71-го]]></title>
  <text auto="true" type="str" verify="true"><![CDATA[Боже, суд твой цареви даждь
и правду твою сыну цареву
Подай царю твой, боже, суд,
И правду дай цареву сыну;
Да к пользе царства примет труд,
Да истину хранит едину —
И кротко, как зарей зефир,
Ко всем странам прольется мир.
Он не предаст сирот и вдов;
На трон в лице восседши бога,
Сомкнет уста клеветников,
Спасет и нища и убога.
Как солнце вешнее с высот,
Прольет на всех он луч щедрот.
Как напояет землю дождь
И проникает мягку волну[1],
Так сей ко счастью кроткий вождь
Прольет в сердца отраду полну.—
И не затмит его лучей
Вся толща туч, весь мрак ночей.
К нему народы потекут,
Как в океан пространны реки;
Цари различны дань дадут;
Он возродит златые веки,—
И где конец земле, морям,
Предел его державе там.
Как неисчерпаем океан,
Его сокровища узрятся;
Среди его цветущих стран
Довольство с миром водворятся,—
И дом его, ко славе скор,
Превысит верх Ливанских гор.
Его благословит народ;
Рабы, как чада, будут верны.
Предупредят зарей восход
От всех ему хвалы усердны,—
И, мудрости его внемля,
Ему восплещет вся земля.]]></text>
</doc>
