<doc>
  <source auto="true" type="str" verify="true"><![CDATA[https://rustih.ru/ivan-krylov-medved-v-setyax/]]></source>
  <category auto="true" type="str" verify="true"><![CDATA[Басни]]></category>
  <author auto="true" type="str" verify="true"><![CDATA[Иван Крылов]]></author>
  <title auto="true" type="str" verify="true"><![CDATA[Медведь в сетях]]></title>
  <text auto="true" type="str" verify="true"><![CDATA[Медведь
Попался в сеть.
Над смертью издали шути как хочешь смело:
Но смерть вблизи — совсем другое дело.
Не хочется Медведю умереть.
Не отказался бы мой Мишка и от драки,
Да весь опутан сетью он,
А на него со всех сторон
Рогатины и ружья, и собаки:
Так драка не по нем.
Вот хочет Мишка взять умом,
И говорит ловцу: «Мой друг, какой виною
Я проступился пред тобою?
За что моей ты хочешь головы?
Иль веришь клеветам напрасным на медведей,
Что злы они? Ах, мы совсем не таковы!
Я, например, пошлюсь на всех соседей,
Что изо всех зверей мне только одному
Никто не сделает упрека,
Чтоб мертвого я тронул человека».—
«То правда», отвечал на то ловец ему:
«Хвалю к усопшим я почтение такое;
Зато, где случай ты имел,
Живой уж от тебя не вырывался цел.
Так лучше бы ты мертвых ел
И оставлял живых в покое».]]></text>
</doc>
