<doc>
  <source auto="true" type="str" verify="true"><![CDATA[https://rustih.ru/bella-axmadulina-ot-etogo-poroga/]]></source>
  <category auto="true" type="str" verify="true"><![CDATA[Стихи]]></category>
  <author auto="true" type="str" verify="true"><![CDATA[Белла Ахмадулина]]></author>
  <title auto="true" type="str" verify="true"><![CDATA[От этого порога]]></title>
  <text auto="true" type="str" verify="true"><![CDATA[От этого порога до того
работы переделал я немало.
Чинары я сажал — в честь твоего
лица, что мне увидеть предстояло-]]></text>
</doc>
