<doc>
  <source auto="true" type="str" verify="true"><![CDATA[https://rustih.ru/bella-axmadulina-vesnoj-vesnoj-v-ee-nachale/]]></source>
  <category auto="true" type="str" verify="true"><![CDATA[Стихи]]></category>
  <author auto="true" type="str" verify="true"><![CDATA[Белла Ахмадулина]]></author>
  <title auto="true" type="str" verify="true"><![CDATA[Весной, весной, в ее Начале]]></title>
  <text auto="true" type="str" verify="true"><![CDATA[Весной, весной, в ее Начале,
я опечалившись жила.
Но там, во мгле моей печали,
о, как я счастлива была,]]></text>
</doc>
