<doc>
  <source auto="true" type="str" verify="true"><![CDATA[https://rustih.ru/omar-xajyam-v-molitve-i-poste-ya-mnilos-mne-nashel/]]></source>
  <category auto="true" type="str" verify="true"><![CDATA[Рубаи]]></category>
  <author auto="true" type="str" verify="true"><![CDATA[Омар Хайям]]></author>
  <title auto="true" type="str" verify="true"><![CDATA[В молитве и посте я, мнилось мне, нашел]]></title>
  <text auto="true" type="str" verify="true"><![CDATA[В молитве и посте я, мнилось мне, нашел
Путь к избавлению от всех грехов и зол;
Но как-то невзначай забыл про омовенье,
Глоток вина хлебнул — и прахом пост пошел.]]></text>
</doc>
