<doc>
  <source auto="true" type="str" verify="true"><![CDATA[https://rustih.ru/omar-xajyam-vinocherpij-srodni-palachu/]]></source>
  <category auto="true" type="str" verify="true"><![CDATA[Рубаи]]></category>
  <author auto="true" type="str" verify="true"><![CDATA[Омар Хайям]]></author>
  <title auto="true" type="str" verify="true"><![CDATA[Виночерпий сродни палачу]]></title>
  <text auto="true" type="str" verify="true"><![CDATA[Я сказал: «Виночерпий сродни палачу.
В чашах — кровь. Кровопийцею быть не хочу!»
Мудрый мой собутыльник воскликнул: «Ты шутишь!»
Я налил и ответил: «Конечно, шучу!»]]></text>
</doc>
