<doc>
  <source auto="true" type="str" verify="true"><![CDATA[https://rustih.ru/omar-xajyam-vsyo-pokupaetsya-i-prodayotsya/]]></source>
  <category auto="true" type="str" verify="true"><![CDATA[Рубаи]]></category>
  <author auto="true" type="str" verify="true"><![CDATA[Омар Хайям]]></author>
  <title auto="true" type="str" verify="true"><![CDATA[Всё покупается и продаётся]]></title>
  <text auto="true" type="str" verify="true"><![CDATA[Всё покупается и продаётся,
И жизнь откровенно над нами смеётся.
Мы негодуем, мы возмущаемся,
Но продаёмся и покупаемся.]]></text>
</doc>
