<doc>
  <source auto="true" type="str" verify="true"><![CDATA[https://rustih.ru/omar-xajyam-vereniceyu-dni-skoroxody-idut/]]></source>
  <category auto="true" type="str" verify="true"><![CDATA[Рубаи]]></category>
  <author auto="true" type="str" verify="true"><![CDATA[Омар Хайям]]></author>
  <title auto="true" type="str" verify="true"><![CDATA[Вереницею дни-скороходы идут]]></title>
  <text auto="true" type="str" verify="true"><![CDATA[Вереницею дни-скороходы идут,
Друг за другом закаты, восходы идут.
Виночерпий! Не надо скорбеть о минувшем.
Дай скорее вина, ибо годы идут.]]></text>
</doc>
