<doc>
  <source auto="true" type="str" verify="true"><![CDATA[https://rustih.ru/omar-xajyam-venec-s-glavy-carya-koronu-bogdyxanov/]]></source>
  <category auto="true" type="str" verify="true"><![CDATA[Рубаи]]></category>
  <author auto="true" type="str" verify="true"><![CDATA[Омар Хайям]]></author>
  <title auto="true" type="str" verify="true"><![CDATA[Венец с главы царя, корону богдыханов]]></title>
  <text auto="true" type="str" verify="true"><![CDATA[Венец с главы царя, корону богдыханов
И самый дорогой из пресвятых тюрбанов
За песнь отдал бы я, на кубок же вина
Я б четки променял, сию орду обманов.]]></text>
</doc>
