<doc>
  <source auto="true" type="str" verify="true"><![CDATA[https://rustih.ru/ivan-krylov-oda-vybrannaya-iz-psalma-51-go/]]></source>
  <category auto="true" type="str" verify="true"><![CDATA[Басни]]></category>
  <author auto="true" type="str" verify="true"><![CDATA[Иван Крылов]]></author>
  <title auto="true" type="str" verify="true"><![CDATA[Ода, выбранная из псалма 51-го]]></title>
  <text auto="true" type="str" verify="true"><![CDATA[Что хвалишься во злобе, сильне?
Чем хвалишься во злобе, сильный,
Что мочен наносить ты вред?
Глагол твой, лестию обильный,
Как ядом растворенный мед;
Язык твой — бритва изощренна;
В груди кипит всех злоб геенна.
Ты лживость паче правды любишь
И злобу — паче доброты;
Скорбя, щадишь, — ликуя, губишь;
Блаженством ближних мучим ты;
И правды обличенья смелы
Тебе суть громоносны стрелы.
Но се господь судом, как громом,
Твое величие сотрет;
С твоим тебя расторгнет домом,
От сердца кровных оторвет;
Твоих богатств иссушит реки
И род погасит твой навеки.
В посмешище ты будешь правым;
Рекут, твою погибель зря:
Се муж, что сердцем столь лукавым.
Мнил превозмочь судеб царя;
Богатством лишь своим гордился,
И только зло сплетать стремился.
А я, как маслина богата,
Средь дому божия цвету;
И блеск честей и горы злата
Считая за одну мечту,
Лишь в боге всё блаженство ставлю,
И славен тем, что бога славлю.]]></text>
</doc>
