<doc>
  <source auto="true" type="str" verify="true"><![CDATA[https://rustih.ru/omar-xajyam-dlya-tex-kto-umiraet/]]></source>
  <category auto="true" type="str" verify="true"><![CDATA[Рубаи]]></category>
  <author auto="true" type="str" verify="true"><![CDATA[Омар Хайям]]></author>
  <title auto="true" type="str" verify="true"><![CDATA[Для тех, кто умирает]]></title>
  <text auto="true" type="str" verify="true"><![CDATA[Для тех, кто умирает, Багдад и Балх — одно;
Горька, сладка ли чаша — мы в ней увидим дно.
Ущербный месяц гаснет — вернется молодым,
А нам уж не вернуться…. Молчи и пей вино.]]></text>
</doc>
