<doc>
  <source auto="true" type="str" verify="true"><![CDATA[https://rustih.ru/bella-axmadulina-v-nochi-neproxodimoj-besprosvetnoj/]]></source>
  <category auto="true" type="str" verify="true"><![CDATA[Стихи]]></category>
  <author auto="true" type="str" verify="true"><![CDATA[Белла Ахмадулина]]></author>
  <title auto="true" type="str" verify="true"><![CDATA[В ночи непроходимой, беспросветной]]></title>
  <text auto="true" type="str" verify="true"><![CDATA[В ночи непроходимой, беспросветной
являлась смерть больной душе моей
и говорила мне — За мною следуй!
И я молчал и следовал за ней.]]></text>
</doc>
