<doc>
  <source auto="true" type="str" verify="true"><![CDATA[https://rustih.ru/omar-xajyam-vy-zlodejstvu-kotoryx-ne-vidno-konca/]]></source>
  <category auto="true" type="str" verify="true"><![CDATA[Рубаи]]></category>
  <author auto="true" type="str" verify="true"><![CDATA[Омар Хайям]]></author>
  <title auto="true" type="str" verify="true"><![CDATA[Вы, злодейству которых не видно конца]]></title>
  <text auto="true" type="str" verify="true"><![CDATA[Вы, злодейству которых не видно конца,
В Судный день не надейтесь на милость Творца!
Бог, простивший не сделавших доброго дела,
Не простит сотворившего зло подлеца!]]></text>
</doc>
