<doc>
  <source auto="true" type="str" verify="true"><![CDATA[https://rustih.ru/omar-xajyam-vremya-tixoj-lyubvi-eto-bolshe-zabota/]]></source>
  <category auto="true" type="str" verify="true"><![CDATA[Рубаи]]></category>
  <author auto="true" type="str" verify="true"><![CDATA[Омар Хайям]]></author>
  <title auto="true" type="str" verify="true"><![CDATA[Время тихой любви это больше забота]]></title>
  <text auto="true" type="str" verify="true"><![CDATA[Время тихой любви — это больше забота,
По глазам уловить, с полуслова понять.
Ведь любовь — как ни странно, большая работа,
Если ей дорожишь и не хочешь терять.]]></text>
</doc>
