<doc>
  <source auto="true" type="str" verify="true"><![CDATA[https://rustih.ru/omar-xajyam-vmesto-solnca-ves-mir-ozarit-ne-mogu/]]></source>
  <category auto="true" type="str" verify="true"><![CDATA[Рубаи]]></category>
  <author auto="true" type="str" verify="true"><![CDATA[Омар Хайям]]></author>
  <title auto="true" type="str" verify="true"><![CDATA[Вместо солнца весь мир озарить не могу]]></title>
  <text auto="true" type="str" verify="true"><![CDATA[Вместо солнца весь мир озарить — не могу,
В тайну сущего дверь отворить — не могу.
В море мыслей нашел я жемчужину смысла,
Но от страха ее просверлить не могу.]]></text>
</doc>
