<doc>
  <source auto="true" type="str" verify="true"><![CDATA[https://rustih.ru/omar-xajyam-bud-vsesilen-kak-mag/]]></source>
  <category auto="true" type="str" verify="true"><![CDATA[Рубаи]]></category>
  <author auto="true" type="str" verify="true"><![CDATA[Омар Хайям]]></author>
  <title auto="true" type="str" verify="true"><![CDATA[Будь всесилен, как маг]]></title>
  <text auto="true" type="str" verify="true"><![CDATA[Будь всесилен, как маг, проживи сотни лет, —
В темной бездне веков не увидят твой свет.
Лишь в легендах порой наши судьбы мерцают,
Стань же искрою счастья средь этих легенд!]]></text>
</doc>
