<doc>
  <source auto="true" type="str" verify="true"><![CDATA[https://rustih.ru/bella-axmadulina-novaya-tetrad/]]></source>
  <category auto="true" type="str" verify="true"><![CDATA[Стихи]]></category>
  <author auto="true" type="str" verify="true"><![CDATA[Белла Ахмадулина]]></author>
  <title auto="true" type="str" verify="true"><![CDATA[Новая тетрадь]]></title>
  <text auto="true" type="str" verify="true"><![CDATA[Смущаюсь и робею пред листом
бумаги чистой.
Так стоит паломник
у входа в храм.
Пред девичьим лицом
так опытный потупится поклонник.]]></text>
</doc>
