<doc>
  <source auto="true" type="str" verify="true"><![CDATA[https://rustih.ru/bella-axmadulina-byt-s-toboj/]]></source>
  <category auto="true" type="str" verify="true"><![CDATA[Стихи]]></category>
  <author auto="true" type="str" verify="true"><![CDATA[Белла Ахмадулина]]></author>
  <title auto="true" type="str" verify="true"><![CDATA[О магнолия, как я хочу быть с тобой]]></title>
  <text auto="true" type="str" verify="true"><![CDATA[За листом твоим,
листом дорогим,
не угнаться —
он летит по воде и по суше.
Так и сердце его:
другим, другим,
другим его сердце послушно.]]></text>
</doc>
