<doc>
  <source auto="true" type="str" verify="true"><![CDATA[https://rustih.ru/omar-xajyam-budut-gurii-med-i-vino/]]></source>
  <category auto="true" type="str" verify="true"><![CDATA[Рубаи]]></category>
  <author auto="true" type="str" verify="true"><![CDATA[Омар Хайям]]></author>
  <title auto="true" type="str" verify="true"><![CDATA[Будут гурии, мед и вино]]></title>
  <text auto="true" type="str" verify="true"><![CDATA[Говорят: «Будут гурии, мед и вино —
Все услады в раю нам вкусить суждено».
Потому я повсюду с любимой и с чашей, —
Ведь в итоге к тому же придем все равно.]]></text>
</doc>
