<doc>
  <source auto="true" type="str" verify="true"><![CDATA[https://rustih.ru/bella-axmadulina-nachalo/]]></source>
  <category auto="true" type="str" verify="true"><![CDATA[Стихи]]></category>
  <author auto="true" type="str" verify="true"><![CDATA[Белла Ахмадулина]]></author>
  <title auto="true" type="str" verify="true"><![CDATA[Начало]]></title>
  <text auto="true" type="str" verify="true"><![CDATA[О стихи, я бы вас начинал,
начиная любое движенье.
Я бы с вами в ночи ночевал,
я бы с вами вступал в пробужденье.
Но когда лист бумаги так бел,
так некстати уста молчаливы.
Как я ваших приливов робел!
Как оплакивал ваши отливы!
Если был я присвоить вас рад,
вы свою охраняли отдельность.
Раз, затеяв пустой маскарад,
вы моею любимой оделись.
Были вы — то глухой водоем,
то подснежник на клумбе ледовой,
и болели вы в теле моем,
и текли у меня из ладоней.
Вас всегда уносили плоты,
вы погоне моей не давались,
и любовным плесканьем плотвы
вы мелькали и в воду скрывались.
Так, пока мой затылок седел
и любимой любовь угасала,
я с пустыми руками сидел,
ваших ласк не отведав нимало.
Видно, так голубое лицо
звездочет к небесам обращает,
так девчонка теряет кольце,
что ее с женихом обручает.
Вот уже завершается круг.
Прежде сердце живее стучало.
И перо выпадает из рук
и опять предвкушает начало.]]></text>
</doc>
