<doc>
  <source auto="true" type="str" verify="true"><![CDATA[https://rustih.ru/bella-axmadulina-v-signaxi-na-gore/]]></source>
  <category auto="true" type="str" verify="true"><![CDATA[Стихи]]></category>
  <author auto="true" type="str" verify="true"><![CDATA[Белла Ахмадулина]]></author>
  <title auto="true" type="str" verify="true"><![CDATA[В Сигнахи, на горе]]></title>
  <text auto="true" type="str" verify="true"><![CDATA[Я размышлял в Сигнахи, на горе,
над этим миром, склонным к переменам,
Движенье неба от зари к заре
казалось мне поспешным и мгновенным.]]></text>
</doc>
