<doc>
  <source auto="true" type="str" verify="true"><![CDATA[https://rustih.ru/omar-xajyam-v-okruzhene-druzej-na-veselom-piru/]]></source>
  <category auto="true" type="str" verify="true"><![CDATA[Рубаи]]></category>
  <author auto="true" type="str" verify="true"><![CDATA[Омар Хайям]]></author>
  <title auto="true" type="str" verify="true"><![CDATA[В окруженье друзей, на веселом пиру]]></title>
  <text auto="true" type="str" verify="true"><![CDATA[В окруженье друзей, на веселом пиру
Буду пить эту влагу, пока не умру!
Буду пить из прекрасных гончарных изделий,
До того как сырьем послужить гончару.]]></text>
</doc>
