<doc>
  <source auto="true" type="str" verify="true"><![CDATA[https://rustih.ru/omar-xajyam-v-etom-mire-ty-mudrym-slyvesh/]]></source>
  <category auto="true" type="str" verify="true"><![CDATA[Рубаи]]></category>
  <author auto="true" type="str" verify="true"><![CDATA[Омар Хайям]]></author>
  <title auto="true" type="str" verify="true"><![CDATA[В этом мире ты мудрым слывешь]]></title>
  <text auto="true" type="str" verify="true"><![CDATA[В этом мире ты мудрым слывешь? Ну и что?
Всем пример и совет подаешь? Ну и что?
До ста лет ты намерен прожить? Допускаю,
Может быть, до двухсот проживешь. Ну и что?]]></text>
</doc>
