<doc>
  <source auto="true" type="str" verify="true"><![CDATA[https://rustih.ru/omar-xajyam-vino-prekrasno-pust-ego-klyanet-surovyj-shariat/]]></source>
  <category auto="true" type="str" verify="true"><![CDATA[Рубаи]]></category>
  <author auto="true" type="str" verify="true"><![CDATA[Омар Хайям]]></author>
  <title auto="true" type="str" verify="true"><![CDATA[Вино прекрасно, пусть его клянет суровый шариат]]></title>
  <text auto="true" type="str" verify="true"><![CDATA[Вино прекрасно, пусть его клянет суровый шариат.
Мне жизнь оно, коль от него ланиты милые горят.
Оно горчит, запрещено — за то мне нравится оно.
И в этом старом кабаке мне мило все, что запретят.]]></text>
</doc>
