<doc>
  <source auto="true" type="str" verify="true"><![CDATA[https://rustih.ru/bella-axmadulina-ne-pisat-o-groze/]]></source>
  <category auto="true" type="str" verify="true"><![CDATA[Стихи]]></category>
  <author auto="true" type="str" verify="true"><![CDATA[Белла Ахмадулина]]></author>
  <title auto="true" type="str" verify="true"><![CDATA[Не писать о грозе]]></title>
  <text auto="true" type="str" verify="true"><![CDATA[Беспорядок грозы в небесах!
Не писать! Даровать ей свободу —
не воспетою быть, нависать
над землей, принимающей воду!]]></text>
</doc>
