<doc>
  <source auto="true" type="str" verify="true"><![CDATA[https://rustih.ru/ivan-krylov-vorona-i-lisica-basnya/]]></source>
  <category auto="true" type="str" verify="true"><![CDATA[Басни]]></category>
  <author auto="true" type="str" verify="true"><![CDATA[Иван Крылов]]></author>
  <title auto="true" type="str" verify="true"><![CDATA[Ворона и лисица (Басня)]]></title>
  <text auto="true" type="str" verify="true"><![CDATA[Уж сколько раз твердили миру,
Что лесть гнусна, вредна; но только все не впрок,
И в сердце льстец всегда отыщет уголок.]]></text>
</doc>
