<doc>
  <source auto="true" type="str" verify="true"><![CDATA[https://rustih.ru/omar-xajyam-dlya-tex-kto-iskushen-v-kovarstve-nashej-doli/]]></source>
  <category auto="true" type="str" verify="true"><![CDATA[Рубаи]]></category>
  <author auto="true" type="str" verify="true"><![CDATA[Омар Хайям]]></author>
  <title auto="true" type="str" verify="true"><![CDATA[Для тех, кто искушен в коварстве нашей доли]]></title>
  <text auto="true" type="str" verify="true"><![CDATA[Для тех, кто искушен в коварстве нашей доли,
Все радости и все мученья не одно ли?
И зло и благо нам даны на краткий срок, —
Лечиться стоит ли от мимолетной боли?]]></text>
</doc>
