<doc>
  <source auto="true" type="str" verify="true"><![CDATA[https://rustih.ru/omar-xajyam-v-nash-podlyj-vek-neveren-drug-lyuboj/]]></source>
  <category auto="true" type="str" verify="true"><![CDATA[Рубаи]]></category>
  <author auto="true" type="str" verify="true"><![CDATA[Омар Хайям]]></author>
  <title auto="true" type="str" verify="true"><![CDATA[В наш подлый век неверен друг любой]]></title>
  <text auto="true" type="str" verify="true"><![CDATA[В наш подлый век неверен друг любой.
Держись подальше от толпы людской.
Тот, на кого ты в жизни положился, —
Всмотрись-ка лучше, — враг перед тобой.]]></text>
</doc>
