<doc>
  <source auto="true" type="str" verify="true"><![CDATA[https://rustih.ru/bella-axmadulina-kogda-proxozhu/]]></source>
  <category auto="true" type="str" verify="true"><![CDATA[Стихи]]></category>
  <author auto="true" type="str" verify="true"><![CDATA[Белла Ахмадулина]]></author>
  <title auto="true" type="str" verify="true"><![CDATA[Когда прохожу]]></title>
  <text auto="true" type="str" verify="true"><![CDATA[Когда прохожу
по долине росистой,
меня, как ребенка,
смешит роса.
Цветы
приоткрывают
ресницы,
к моим глазам
обращают глаза.
Я вижу
движение каждого пестика,
различаю границу
утра и дня.
Ветер,
подай мне цветок персика,
травой и листьями
осыпь меня!
Я,
эти цветы нашедшая,
хочу,
чтоб они из земли вылезали.
И как сумасшедшая —
о, сумасшедшая —
хохочет трава
с растрепанными волосами.
Деревья сняли
свои драгоценности
и левой пригоршней
меня забросали.
Вот драгоценности —
все они в целости.
Деревья,
вы понимаете сами.
Я тоже,
я тоже сошла с ума.
Всего мне мало,
и все мне мал(!
Хохочет,
хохочет —
не я сама! —
хохочет,
хохочет сердце мое!
И ты
на исходе этого дня
листьями и травою прогоркшее
осыпь меня,
да, осыпь меня,
но только правой пригоршней!]]></text>
</doc>
