<doc>
  <source auto="true" type="str" verify="true"><![CDATA[https://rustih.ru/bella-axmadulina-orly-usnuli/]]></source>
  <category auto="true" type="str" verify="true"><![CDATA[Стихи]]></category>
  <author auto="true" type="str" verify="true"><![CDATA[Белла Ахмадулина]]></author>
  <title auto="true" type="str" verify="true"><![CDATA[Орлы уснули]]></title>
  <text auto="true" type="str" verify="true"><![CDATA[Вот сказки первые слова:
орлы уснули, как орлята,
и у орлов в часы заката
ко сну клонится голова.]]></text>
</doc>
