<doc>
  <source auto="true" type="str" verify="true"><![CDATA[https://rustih.ru/ivan-krylov-volk-i-yagnyonok-basnya/]]></source>
  <category auto="true" type="str" verify="true"><![CDATA[Басни]]></category>
  <author auto="true" type="str" verify="true"><![CDATA[Иван Крылов]]></author>
  <title auto="true" type="str" verify="true"><![CDATA[Волк и ягнёнок (Басня)]]></title>
  <text auto="true" type="str" verify="true"><![CDATA[У сильного всегда бессильный виноват:
Тому в Истории мы тьму примеров слышим,
Но мы Истории не пишем;
А вот о том как в Баснях говорят.]]></text>
</doc>
