<doc>
  <source auto="true" type="str" verify="true"><![CDATA[https://rustih.ru/bella-axmadulina-dom/]]></source>
  <category auto="true" type="str" verify="true"><![CDATA[Стихи]]></category>
  <author auto="true" type="str" verify="true"><![CDATA[Белла Ахмадулина]]></author>
  <title auto="true" type="str" verify="true"><![CDATA[Дом]]></title>
  <text auto="true" type="str" verify="true"><![CDATA[Я вам клянусь: я здесь бывала!
Бежала, позабыв дышать.
Завидев снежного болвана,
вздыхала, замедляла шаг.]]></text>
</doc>
