<doc>
  <source auto="true" type="str" verify="true"><![CDATA[https://rustih.ru/bella-axmadulina-abxazskie-poxorony/]]></source>
  <category auto="true" type="str" verify="true"><![CDATA[Стихи]]></category>
  <author auto="true" type="str" verify="true"><![CDATA[Белла Ахмадулина]]></author>
  <title auto="true" type="str" verify="true"><![CDATA[Абхазские похороны]]></title>
  <text auto="true" type="str" verify="true"><![CDATA[Две девочки бросали георгины,
бросали бережливо, иногда,
и женщины устало говорили:
— Цветы сегодня дороги — беда…]]></text>
</doc>
