<doc>
  <source auto="true" type="str" verify="true"><![CDATA[https://rustih.ru/omar-xajyam-v-detstve-xodim-za-istinoj-k-uchitelyam/]]></source>
  <category auto="true" type="str" verify="true"><![CDATA[Рубаи]]></category>
  <author auto="true" type="str" verify="true"><![CDATA[Омар Хайям]]></author>
  <title auto="true" type="str" verify="true"><![CDATA[В детстве ходим за истиной к учителям]]></title>
  <text auto="true" type="str" verify="true"><![CDATA[В детстве ходим за истиной к учителям,
После — ходят за истиной к нашим дверям.
Где же истина? Мы появились из капли,
Станем — ветром, Вот смысл этой сказки, Хайям!]]></text>
</doc>
