<doc>
  <source auto="true" type="str" verify="true"><![CDATA[https://rustih.ru/omar-xajyam-volshebstva-o-lyubvi-boltovnya-lishena/]]></source>
  <category auto="true" type="str" verify="true"><![CDATA[Рубаи]]></category>
  <author auto="true" type="str" verify="true"><![CDATA[Омар Хайям]]></author>
  <title auto="true" type="str" verify="true"><![CDATA[Волшебства о любви болтовня лишена]]></title>
  <text auto="true" type="str" verify="true"><![CDATA[Волшебства о любви болтовня лишена,
Как остывшие угли — огня лишена.
А любовь настоящая жарко пылает,
Сна и отдыха, ночи и дня лишена.]]></text>
</doc>
