<doc>
  <source auto="true" type="str" verify="true"><![CDATA[https://rustih.ru/omar-xajyam-vse-mirozdane-plot/]]></source>
  <category auto="true" type="str" verify="true"><![CDATA[Рубаи]]></category>
  <author auto="true" type="str" verify="true"><![CDATA[Омар Хайям]]></author>
  <title auto="true" type="str" verify="true"><![CDATA[Все мирозданье — плоть]]></title>
  <text auto="true" type="str" verify="true"><![CDATA[Все мирозданье — плоть; душа вселенной — мы;
Связуем суть ее и лик явленный — мы.
Познать их только нам доступно; это значит,
Миров обоих центр — один, нетленный — мы.]]></text>
</doc>
