<doc>
  <source auto="true" type="str" verify="true"><![CDATA[https://rustih.ru/ivan-krylov-orakul-basnya/]]></source>
  <category auto="true" type="str" verify="true"><![CDATA[Басни]]></category>
  <author auto="true" type="str" verify="true"><![CDATA[Иван Крылов]]></author>
  <title auto="true" type="str" verify="true"><![CDATA[Оракул (Басня)]]></title>
  <text auto="true" type="str" verify="true"><![CDATA[В каком-то капище был деревянный бог,
И стал он говорить пророчески ответы
И мудрые давать советы.
За то, от головы до ног
Обвешан и сребром и златом,
Стоял в наряде пребогатом,
Завален жертвами, мольбами заглушен
И фимиамом задушен.
В Оракула все верят слепо;
Как вдруг, — о чудо, о позор!—
Заговорил Оракул вздор:
Стал отвечать нескладно и нелепо;
И кто к нему зачем ни подойдет,
Оракул наш что молвит, то соврет;
Ну так, что всякий дивовался,
Куда пророческий в нем дар девался!
А дело в том,
Что идол был пустой и саживались в нем
Жрецы вещать мирянам.
И так,
Пока был умный жрец, кумир не путал врак;
А как засел в него дурак,
То идол стал болван-болваном.
Я слышал — правда ль? — будто встарь
Судей таких видали,
Которые весьма умны бывали,
Пока у них был умный секретарь.]]></text>
</doc>
