<doc>
  <source auto="true" type="str" verify="true"><![CDATA[https://rustih.ru/omar-xajyam-v-puti-zaputalas-dusha-v-dobre-i-zle/]]></source>
  <category auto="true" type="str" verify="true"><![CDATA[Рубаи]]></category>
  <author auto="true" type="str" verify="true"><![CDATA[Омар Хайям]]></author>
  <title auto="true" type="str" verify="true"><![CDATA[В пути запуталась душа в добре и зле]]></title>
  <text auto="true" type="str" verify="true"><![CDATA[В пути запуталась душа в добре и зле…
Чист от добра и зла лежащий здесь, в земле.
Немало путников пройдут по нам с тобою,
Забывшим обо всем в неведенье, во мгле.]]></text>
</doc>
