<doc>
  <source auto="true" type="str" verify="true"><![CDATA[https://rustih.ru/bella-axmadulina-zadumannoe-povedaj-oblakam/]]></source>
  <category auto="true" type="str" verify="true"><![CDATA[Стихи]]></category>
  <author auto="true" type="str" verify="true"><![CDATA[Белла Ахмадулина]]></author>
  <title auto="true" type="str" verify="true"><![CDATA[Задуманное поведай облакам]]></title>
  <text auto="true" type="str" verify="true"><![CDATA[А после — шаль висела у огня,
и волосы, не знавшие законов
прически, отряхнулись от заколок
и медленно обволокли меня.]]></text>
</doc>
