<doc>
  <source auto="true" type="str" verify="true"><![CDATA[https://rustih.ru/omar-xajyam-v-etom-mire-glupcov-podlecov-torgashej/]]></source>
  <category auto="true" type="str" verify="true"><![CDATA[Рубаи]]></category>
  <author auto="true" type="str" verify="true"><![CDATA[Омар Хайям]]></author>
  <title auto="true" type="str" verify="true"><![CDATA[В этом мире глупцов, подлецов, торгашей]]></title>
  <text auto="true" type="str" verify="true"><![CDATA[В этом мире глупцов, подлецов, торгашей
Уши, мудрый, заткни, рот надежно зашей,
Веки плотно зажмурь — хоть немного подумай
О сохранности глаз, языка и ушей!]]></text>
</doc>
