<doc>
  <source auto="true" type="str" verify="true"><![CDATA[https://rustih.ru/bella-axmadulina-pervyj-den-oseni/]]></source>
  <category auto="true" type="str" verify="true"><![CDATA[Стихи]]></category>
  <author auto="true" type="str" verify="true"><![CDATA[Белла Ахмадулина]]></author>
  <title auto="true" type="str" verify="true"><![CDATA[Первый день осени]]></title>
  <text auto="true" type="str" verify="true"><![CDATA[И вижу день и даже вижу взор,
которым я недвижно и в упор
гляжу на все, на что гляжу сейчас,
что ныне — явь, а будет — память глаз,
на все, что я хвалил и проклинал,
пока любил и слезы проливал.
Покуда августовская листва
горит в огне сентябрьского костра,
я отвергаю этот мед иль яд,
для всех неотвратимый, говорят,
и предвкушаю этот яд иль мед.
А жизнь моя еще идет, идет…]]></text>
</doc>
