<doc>
  <source auto="true" type="str" verify="true"><![CDATA[https://rustih.ru/ivan-krylov-ogarok-i-podsvechnik/]]></source>
  <category auto="true" type="str" verify="true"><![CDATA[Басни]]></category>
  <author auto="true" type="str" verify="true"><![CDATA[Иван Крылов]]></author>
  <title auto="true" type="str" verify="true"><![CDATA[Огарок и подсвечник]]></title>
  <text auto="true" type="str" verify="true"><![CDATA[Не знаю я в каком суде,
При ком, когда и где,
Но столько дел судьи скопили,
Что, наконец, решив окончить те дела,
Судьи, засевши вкруг стола,
Гораздо ночи захватили.
Однако, наконец, разъехались они.
Остались на столе подсвечники одни.
И что ж? Подсвечник тут один развеличался,
И так Огарку говорит,
Который в нем еще горит:
«Ну, что ты здесь, вонючий, растрещался!
Смотри, как ты навоевался!
Вот потому во мне ты отоспался!
Угаснешь ты, да догоришь в передней.
Не знаю я, как ты сюда попал намедни,
Однако, я вчера тебя не замечал».
Огарок отвечал:
«В судах нужнее ты всего для украшенья,
Но пользы от тебя в делах как ото пня.
А я свечу, и без меня
Сегодня не было б ни одного решенья».]]></text>
</doc>
