<doc>
  <source auto="true" type="str" verify="true"><![CDATA[https://rustih.ru/omar-xajyam-v-den-zavtrashnij-nelzya-segodnya-zaglyanut/]]></source>
  <category auto="true" type="str" verify="true"><![CDATA[Рубаи]]></category>
  <author auto="true" type="str" verify="true"><![CDATA[Омар Хайям]]></author>
  <title auto="true" type="str" verify="true"><![CDATA[В день завтрашний нельзя сегодня заглянуть]]></title>
  <text auto="true" type="str" verify="true"><![CDATA[В день завтрашний нельзя сегодня заглянуть,
Одна лишь мысль о нем стесняет мукой грудь.
Кто знает, много ль дней тебе прожить осталось?
Не трать их попусту, благоразумен будь.]]></text>
</doc>
