<doc>
  <source auto="true" type="str" verify="true"><![CDATA[https://rustih.ru/bella-axmadulina-ploxaya-vesna/]]></source>
  <category auto="true" type="str" verify="true"><![CDATA[Стихи]]></category>
  <author auto="true" type="str" verify="true"><![CDATA[Белла Ахмадулина]]></author>
  <title auto="true" type="str" verify="true"><![CDATA[Плохая весна]]></title>
  <text auto="true" type="str" verify="true"><![CDATA[Пока клялись беспечные снега
блистать и стыть с прилежностью металла,
пока пуховой шали не сняла
та девочка, которая мечтала
склонить к плечу оранжевый берет,]]></text>
</doc>
