<doc>
  <source auto="true" type="str" verify="true"><![CDATA[https://rustih.ru/omar-xajyam-bud-kamnem-tverdym-ya/]]></source>
  <category auto="true" type="str" verify="true"><![CDATA[Рубаи]]></category>
  <author auto="true" type="str" verify="true"><![CDATA[Омар Хайям]]></author>
  <title auto="true" type="str" verify="true"><![CDATA[Будь камнем твердым я]]></title>
  <text auto="true" type="str" verify="true"><![CDATA[Будь камнем твердым я, полировать начнут;
Будь воском мягким я, бездумно изомнут;
Будь луком согнутым, прихватят тетивою;
Будь я прямей стрелы, подальше запульнут.]]></text>
</doc>
