<doc>
  <source auto="true" type="str" verify="true"><![CDATA[https://rustih.ru/omar-xajyam-dazhe-s-samoj-prekrasnoj-iz-milyx-podrug/]]></source>
  <category auto="true" type="str" verify="true"><![CDATA[Рубаи]]></category>
  <author auto="true" type="str" verify="true"><![CDATA[Омар Хайям]]></author>
  <title auto="true" type="str" verify="true"><![CDATA[Даже с самой прекрасной из милых подруг]]></title>
  <text auto="true" type="str" verify="true"><![CDATA[Даже с самой прекрасной из милых подруг
Постарайся расстаться без слез и без мук.
Все пройдет, словно сон, красота скоротечна:
Как ее ни держи, ускользает из рук.]]></text>
</doc>
