<doc>
  <source auto="true" type="str" verify="true"><![CDATA[https://rustih.ru/bella-axmadulina-vse-zheltoe-stanovitsya-zheltej/]]></source>
  <category auto="true" type="str" verify="true"><![CDATA[Стихи]]></category>
  <author auto="true" type="str" verify="true"><![CDATA[Белла Ахмадулина]]></author>
  <title auto="true" type="str" verify="true"><![CDATA[Все желтое становится желтей]]></title>
  <text auto="true" type="str" verify="true"><![CDATA[Все желтое становится желтей,
и радуга семь раз желта над нами,
и россыпь драгоценных желудей
все копит дуб и нежит меж корнями.]]></text>
</doc>
