<doc>
  <source auto="true" type="str" verify="true"><![CDATA[https://rustih.ru/bella-axmadulina-byut-chasy-vozvestivshie-osen/]]></source>
  <category auto="true" type="str" verify="true"><![CDATA[Стихи]]></category>
  <author auto="true" type="str" verify="true"><![CDATA[Белла Ахмадулина]]></author>
  <title auto="true" type="str" verify="true"><![CDATA[Бьют часы, возвестившие осень]]></title>
  <text auto="true" type="str" verify="true"><![CDATA[Бьют часы, возвестившие осень:
тяжелее, чем в прошлом году,
ударяется яблоко оземь —
столько раз, сколько яблок в саду.]]></text>
</doc>
