<doc>
  <source auto="true" type="str" verify="true"><![CDATA[https://rustih.ru/ivan-krylov-velmozha-i-filosof/]]></source>
  <category auto="true" type="str" verify="true"><![CDATA[Басни]]></category>
  <author auto="true" type="str" verify="true"><![CDATA[Иван Крылов]]></author>
  <title auto="true" type="str" verify="true"><![CDATA[Вельможа и философ]]></title>
  <text auto="true" type="str" verify="true"><![CDATA[Вельможа, в праздный час толкуя с Мудрецом
О том, о сём,
«Скажи мне», говорит: «ты свет довольно знаешь,
И будто в книге, ты в сердцах людей читаешь:
Как это, что мы ни начнем,
Суды ли, общества ль учены заведем,
Едва успеем оглянуться,
Как первые невежи тут вотрутся?
Ужли от них совсем лекарства нет?» —
«Не думаю», сказал Мудрец в ответ:
«И с обществами та ж судьба (сказать меж нами),
Что с деревянными домами».—
«Как?» — «Так же: я вот свой достроил сими днями;
Хозяева в него еще не вобрались,
А уж сверчки давно в нем завелись».]]></text>
</doc>
