<doc>
  <source auto="true" type="str" verify="true"><![CDATA[https://rustih.ru/bella-axmadulina-gagra/]]></source>
  <category auto="true" type="str" verify="true"><![CDATA[Стихи]]></category>
  <author auto="true" type="str" verify="true"><![CDATA[Белла Ахмадулина]]></author>
  <title auto="true" type="str" verify="true"><![CDATA[Гагра]]></title>
  <text auto="true" type="str" verify="true"><![CDATA[Меж деревьев и дач — тишина.
Подметание улиц. Поливка.
Море… поступь его тяжела.
Кипарис… его ветка поникла.]]></text>
</doc>
