<doc>
  <source auto="true" type="str" verify="true"><![CDATA[https://rustih.ru/bella-axmadulina-zima/]]></source>
  <category auto="true" type="str" verify="true"><![CDATA[Стихи]]></category>
  <author auto="true" type="str" verify="true"><![CDATA[Белла Ахмадулина]]></author>
  <title auto="true" type="str" verify="true"><![CDATA[Зима]]></title>
  <text auto="true" type="str" verify="true"><![CDATA[О жест зимы ко мне,
холодный и прилежный.
Да, что-то есть в зиме
от медицины нежной.]]></text>
</doc>
