<doc>
  <source auto="true" type="str" verify="true"><![CDATA[https://rustih.ru/omar-xajyam-vstanem-utrom-i-ruki-drug-drugu-pozhmem/]]></source>
  <category auto="true" type="str" verify="true"><![CDATA[Рубаи]]></category>
  <author auto="true" type="str" verify="true"><![CDATA[Омар Хайям]]></author>
  <title auto="true" type="str" verify="true"><![CDATA[Встанем утром и руки друг другу пожмем]]></title>
  <text auto="true" type="str" verify="true"><![CDATA[Встанем утром и руки друг другу пожмем,
На минуту забудем о горе своем,
С наслажденьем вдохнем этот утренний воздух,
Полной грудью, пока еще дышим, вздохнем!]]></text>
</doc>
