<doc>
  <source auto="true" type="str" verify="true"><![CDATA[https://rustih.ru/bella-axmadulina-pamyat/]]></source>
  <category auto="true" type="str" verify="true"><![CDATA[Стихи]]></category>
  <author auto="true" type="str" verify="true"><![CDATA[Белла Ахмадулина]]></author>
  <title auto="true" type="str" verify="true"><![CDATA[Память]]></title>
  <text auto="true" type="str" verify="true"><![CDATA[В час, когда осень щедра на дожди
и лихорадка осину колотит,
глянешь — а детство блестит позади
кроткой луною, упавшей в колодец.]]></text>
</doc>
