<doc>
  <source auto="true" type="str" verify="true"><![CDATA[https://rustih.ru/omar-xajyam-brat-ne-trebuj-bogatstv/]]></source>
  <category auto="true" type="str" verify="true"><![CDATA[Рубаи]]></category>
  <author auto="true" type="str" verify="true"><![CDATA[Омар Хайям]]></author>
  <title auto="true" type="str" verify="true"><![CDATA[Брат, не требуй богатств]]></title>
  <text auto="true" type="str" verify="true"><![CDATA[Брат, не требуй богатств — их не хватит на всех.
Не взирай со злорадством святоши на грех.
Есть над смертными Бог. Что ж до дел у соседа,
То в халате твоем еще больше прорех.]]></text>
</doc>
