<doc>
  <source auto="true" type="str" verify="true"><![CDATA[https://rustih.ru/omar-xajyam-veselyas-bezzabotno-gresha-bez-konca/]]></source>
  <category auto="true" type="str" verify="true"><![CDATA[Рубаи]]></category>
  <author auto="true" type="str" verify="true"><![CDATA[Омар Хайям]]></author>
  <title auto="true" type="str" verify="true"><![CDATA[Веселясь беззаботно, греша без конца]]></title>
  <text auto="true" type="str" verify="true"><![CDATA[Веселясь беззаботно, греша без конца,
Не теряю надежды на милость творца.
Снова, пьяный мертвецки, лежу под забором.
Лягу в землю — создатель простит мертвеца!]]></text>
</doc>
