<doc>
  <source auto="true" type="str" verify="true"><![CDATA[https://rustih.ru/ivan-krylov-na-napoleona-lyubvi-marbefovoj-s-leticiej-priplod/]]></source>
  <category auto="true" type="str" verify="true"><![CDATA[Басни]]></category>
  <author auto="true" type="str" verify="true"><![CDATA[Иван Крылов]]></author>
  <title auto="true" type="str" verify="true"><![CDATA[На Наполеона (Любви Марбефовой с Летицией приплод)]]></title>
  <text auto="true" type="str" verify="true"><![CDATA[Любви Марбефовой[1] с Летицией[2] приплод,
Досель был Герострат, стал ныне скороход,
С тех пор как русскую страну господь спасая,
Кутузовым сменить благоволил Барклая,
А чтобы русский нос не слишком поднимал,
Бог адмирала дал[3].]]></text>
</doc>
