<doc>
  <source auto="true" type="str" verify="true"><![CDATA[https://rustih.ru/ivan-krylov-ovcy-i-sobaki/]]></source>
  <category auto="true" type="str" verify="true"><![CDATA[Басни]]></category>
  <author auto="true" type="str" verify="true"><![CDATA[Иван Крылов]]></author>
  <title auto="true" type="str" verify="true"><![CDATA[Овцы и собаки]]></title>
  <text auto="true" type="str" verify="true"><![CDATA[В каком-то стаде у Овец,
Чтоб Волки не могли их более тревожить,
Положено число Собак умножить.
Что ж? Развелось их столько наконец,
Что Овцы от Волков, то правда, уцелели,
Но и Собакам надо ж есть;
Сперва с Овечек сняли шерсть,
А там, по жеребью, с них шкурки полетели,
А там осталося всего Овец пять-шесть,
И тех Собаки съели.]]></text>
</doc>
