<doc>
  <source auto="true" type="str" verify="true"><![CDATA[https://rustih.ru/ivan-krylov-vodopad-i-ruchej/]]></source>
  <category auto="true" type="str" verify="true"><![CDATA[Басни]]></category>
  <author auto="true" type="str" verify="true"><![CDATA[Иван Крылов]]></author>
  <title auto="true" type="str" verify="true"><![CDATA[Водопад и ручей]]></title>
  <text auto="true" type="str" verify="true"><![CDATA[Кипящий Водопад, свергаяся со скал,
Целебному ключу с надменностью сказал
(Который под горой едва лишь был приметен,
Но силой славился лечебною своей):
«Не странно ль это? Ты так мал, водой так беден,
А у тебя всегда премножество гостей?
Не мудрено, коль мне приходит кто дивиться;
К тебе зачем идут?» — «Лечиться»,
Смиренно прожурчал Ручей.]]></text>
</doc>
