<doc>
  <source auto="true" type="str" verify="true"><![CDATA[https://rustih.ru/bella-axmadulina-odnazhdy-pokachnuvshis-na-krayu/]]></source>
  <category auto="true" type="str" verify="true"><![CDATA[Стихи]]></category>
  <author auto="true" type="str" verify="true"><![CDATA[Белла Ахмадулина]]></author>
  <title auto="true" type="str" verify="true"><![CDATA[Однажды, покачнувшись на краю]]></title>
  <text auto="true" type="str" verify="true"><![CDATA[Однажды, покачнувшись на краю
всего, что есть, я ощутила в теле
присутствие непоправимой тени,
куда-то прочь теснившей жизнь мою.]]></text>
</doc>
