<doc>
  <source auto="true" type="str" verify="true"><![CDATA[https://rustih.ru/bella-axmadulina-v-poezde/]]></source>
  <category auto="true" type="str" verify="true"><![CDATA[Стихи]]></category>
  <author auto="true" type="str" verify="true"><![CDATA[Белла Ахмадулина]]></author>
  <title auto="true" type="str" verify="true"><![CDATA[В поезде]]></title>
  <text auto="true" type="str" verify="true"><![CDATA[Между нами — лишь день расстоянья.
Не прошло еще целого дня.
От тебя — до меня, до сиянья
Глаз твоих, провожавших меня.]]></text>
</doc>
