<doc>
  <source auto="true" type="str" verify="true"><![CDATA[https://rustih.ru/bella-axmadulina-dachnaya-syuita/]]></source>
  <category auto="true" type="str" verify="true"><![CDATA[Стихи]]></category>
  <author auto="true" type="str" verify="true"><![CDATA[Белла Ахмадулина]]></author>
  <title auto="true" type="str" verify="true"><![CDATA[Дачная сюита]]></title>
  <text auto="true" type="str" verify="true"><![CDATA[Старомодные тайны субботы
соблюдают свой нежный сюжет.
В этот сад, что исполнен свободы
н томленья полночных существ,]]></text>
</doc>
