<doc>
  <source auto="true" type="str" verify="true"><![CDATA[https://rustih.ru/ivan-krylov-oda-vybrannaya-iz-psalma-93-go/]]></source>
  <category auto="true" type="str" verify="true"><![CDATA[Басни]]></category>
  <author auto="true" type="str" verify="true"><![CDATA[Иван Крылов]]></author>
  <title auto="true" type="str" verify="true"><![CDATA[Ода, выбранная из псалма 93-го]]></title>
  <text auto="true" type="str" verify="true"><![CDATA[Бог, отмщений господь
Снесись на вихрях, мщений царь!
Воссядь на громах — тучах черных,
Судить строптивых и упорных;
Ступи на выи непокорных
И в гордых молнией ударь.
Доколь вздымать им грудь надменну
И подпирать пороков трон,
Правдивых гнать из света вон?
Доколь твой презирать закон
И осквернять собой вселенну?
Куда ни обращусь, внемля,
Везде их меч, везде угрозы.
Там на невинности железы,
Там льются сирых кровь и слезы;
Злодейством их грузна земля.
Так, проливая крови реки,
Заграбя мир себе в удел,
Твердят они на грудах тел:
Господь не видит наших дел
И не познает их вовеки.
Безумец! где твой ум и слух?
Стряхни невежество глубоко;
Скажи, хоть раз взнесясь высоко:
Ужели слеп создавший око,
И сотворивший ухо — глух?
Скажи, оставя мудрость лживу,
Без света ли — творец светил?
Бессилен ли — создатель сил?
Безумен ли — кто ум в нас влил?
И мертв ли — давший душу живу?
Блажен, о боже, в ком твой свет:
Он соблюдется цел тобою,
Тогда как, окруженный мглою,
В изрытый ров своей рукою
Злодей со скрежетом падет.
Кто? Кто с мечом? Со мною рядом
Кто мне поборник на убийц?
Кто на гонителей вдовиц?
Никто — всех взоры пали ниц —
И всех сердца страх облил хладом.
Никто — но бог, сам бог со мной;
Сам бог приемлет грозны стрелы,
Вселенной двигнет он пределы,
Разрушит замыслы их смелы
И с широты сметет земной.]]></text>
</doc>
