<doc>
  <source auto="true" type="str" verify="true"><![CDATA[https://rustih.ru/omar-xajyam-vlekut-menya-rozam-podobnye-lica/]]></source>
  <category auto="true" type="str" verify="true"><![CDATA[Рубаи]]></category>
  <author auto="true" type="str" verify="true"><![CDATA[Омар Хайям]]></author>
  <title auto="true" type="str" verify="true"><![CDATA[Влекут меня розам подобные лица]]></title>
  <text auto="true" type="str" verify="true"><![CDATA[Влекут меня розам подобные лица
И чаша, чтоб влагой хмельной насладиться;
Хочу всем усладам земным причаститься,
Пока не настала пора удалиться.]]></text>
</doc>
