<doc>
  <source auto="true" type="str" verify="true"><![CDATA[https://rustih.ru/ivan-krylov-na-marshala-neya/]]></source>
  <category auto="true" type="str" verify="true"><![CDATA[Басни]]></category>
  <author auto="true" type="str" verify="true"><![CDATA[Иван Крылов]]></author>
  <title auto="true" type="str" verify="true"><![CDATA[На маршала Нея]]></title>
  <text auto="true" type="str" verify="true"><![CDATA[Французский маршал Ней
В Можайске принцем возвеличен.
И прежде был Можайск отличен
Породою свиней.]]></text>
</doc>
