<doc>
  <source auto="true" type="str" verify="true"><![CDATA[https://rustih.ru/omar-xajyam-do-rozhdeniya-ty-ne-nuzhdalsya-ni-v-chem/]]></source>
  <category auto="true" type="str" verify="true"><![CDATA[Рубаи]]></category>
  <author auto="true" type="str" verify="true"><![CDATA[Омар Хайям]]></author>
  <title auto="true" type="str" verify="true"><![CDATA[До рождения ты не нуждался ни в чем]]></title>
  <text auto="true" type="str" verify="true"><![CDATA[До рождения ты не нуждался ни в чем,
А родившись, нуждаться во всем обречен.
Только сбросивши гнет ненасытного тела,
Снова станешь свободным, как Бог, богачом.]]></text>
</doc>
