<doc>
  <source auto="true" type="str" verify="true"><![CDATA[https://rustih.ru/bella-axmadulina-osen/]]></source>
  <category auto="true" type="str" verify="true"><![CDATA[Стихи]]></category>
  <author auto="true" type="str" verify="true"><![CDATA[Белла Ахмадулина]]></author>
  <title auto="true" type="str" verify="true"><![CDATA[Осень]]></title>
  <text auto="true" type="str" verify="true"><![CDATA[Не действуя и не дыша,
все слаще обмирает улей.
Все глубже осень, и душа
все опытнее и округлей.]]></text>
</doc>
