<doc>
  <source auto="true" type="str" verify="true"><![CDATA[https://rustih.ru/omar-xajyam-den-zavtrashnij-ot-nas-gustoyu-mgloj-zakryt/]]></source>
  <category auto="true" type="str" verify="true"><![CDATA[Рубаи]]></category>
  <author auto="true" type="str" verify="true"><![CDATA[Омар Хайям]]></author>
  <title auto="true" type="str" verify="true"><![CDATA[День завтрашний от нас густою мглой закрыт]]></title>
  <text auto="true" type="str" verify="true"><![CDATA[День завтрашний от нас густою мглой закрыт,
Одна лишь мысль о нем пугает и томит.
Летучий этот миг не упускай! Кто знает,
Не слезы ли тебе грядущее сулит?]]></text>
</doc>
