<doc>
  <source auto="true" type="str" verify="true"><![CDATA[https://rustih.ru/omar-xajyam-dokole-budesh-nas-korit-xanzha-ty-skvernyj/]]></source>
  <category auto="true" type="str" verify="true"><![CDATA[Рубаи]]></category>
  <author auto="true" type="str" verify="true"><![CDATA[Омар Хайям]]></author>
  <title auto="true" type="str" verify="true"><![CDATA[Доколе будешь нас корить, ханжа ты скверный]]></title>
  <text auto="true" type="str" verify="true"><![CDATA[Доколе будешь нас корить, ханжа ты скверный,
За то, что к кабаку горим любовью верной?
Нас радует вино и милая, а ты
Опутан четками и ложью лицемерной.]]></text>
</doc>
