<doc>
  <source auto="true" type="str" verify="true"><![CDATA[https://rustih.ru/bella-axmadulina-v-zedazeni/]]></source>
  <category auto="true" type="str" verify="true"><![CDATA[Стихи]]></category>
  <author auto="true" type="str" verify="true"><![CDATA[Белла Ахмадулина]]></author>
  <title auto="true" type="str" verify="true"><![CDATA[В Зедазени]]></title>
  <text auto="true" type="str" verify="true"><![CDATA[Лето заканчивается поспешно,
лето заканчивается на дворе.
Поспела ежевика,
ежевика поспела
и боярышник на горе.]]></text>
</doc>
