<doc>
  <source auto="true" type="str" verify="true"><![CDATA[https://rustih.ru/omar-xajyam-vy-govorite-mne-za-grobom-ty-najdesh/]]></source>
  <category auto="true" type="str" verify="true"><![CDATA[Рубаи]]></category>
  <author auto="true" type="str" verify="true"><![CDATA[Омар Хайям]]></author>
  <title auto="true" type="str" verify="true"><![CDATA[Вы говорите мне: За гробом ты найдешь]]></title>
  <text auto="true" type="str" verify="true"><![CDATA[Вы говорите мне: «За гробом ты найдешь
Вино и сладкий мед. Кавсер и гурий». Что ж,
Тем лучше. Но сейчас мне кубок поднесите:
Дороже тысячи в кредит — наличный грош.]]></text>
</doc>
