<doc>
  <source auto="true" type="str" verify="true"><![CDATA[https://rustih.ru/omar-xajyam-v-etom-mire-nevernom-ne-bud-durakom/]]></source>
  <category auto="true" type="str" verify="true"><![CDATA[Рубаи]]></category>
  <author auto="true" type="str" verify="true"><![CDATA[Омар Хайям]]></author>
  <title auto="true" type="str" verify="true"><![CDATA[В этом мире неверном не будь дураком]]></title>
  <text auto="true" type="str" verify="true"><![CDATA[В этом мире неверном не будь дураком:
Полагаться не вздумай на тех, кто кругом.
Трезвым оком взгляни на ближайшего друга —
Друг, возможно, окажется злейшим врагом.]]></text>
</doc>
