<doc>
  <source auto="true" type="str" verify="true"><![CDATA[https://rustih.ru/omar-xajyam-dlya-ranenoj-lyubvi-vina-gotov/]]></source>
  <category auto="true" type="str" verify="true"><![CDATA[Рубаи]]></category>
  <author auto="true" type="str" verify="true"><![CDATA[Омар Хайям]]></author>
  <title auto="true" type="str" verify="true"><![CDATA[Для раненой любви вина готовь]]></title>
  <text auto="true" type="str" verify="true"><![CDATA[Для раненой любви вина готовь.
Мускатного. И алого, как кровь.
Залей пожар — бессонный, затаенный,
И в черный шелк запутай душу вновь.]]></text>
</doc>
