<doc>
  <source auto="true" type="str" verify="true"><![CDATA[https://rustih.ru/bella-axmadulina-da-ne-uslyshish-ty/]]></source>
  <category auto="true" type="str" verify="true"><![CDATA[Стихи]]></category>
  <author auto="true" type="str" verify="true"><![CDATA[Белла Ахмадулина]]></author>
  <title auto="true" type="str" verify="true"><![CDATA[Да не услышишь ты]]></title>
  <text auto="true" type="str" verify="true"><![CDATA[Да не услышишь ты,
да не сорвется
упрек мой опрометчивый,
когда
уродливое населит сиротство
глаза мои, как два пустых гнезда.]]></text>
</doc>
