<doc>
  <source auto="true" type="str" verify="true"><![CDATA[https://rustih.ru/bella-axmadulina-oznob/]]></source>
  <category auto="true" type="str" verify="true"><![CDATA[Стихи]]></category>
  <author auto="true" type="str" verify="true"><![CDATA[Белла Ахмадулина]]></author>
  <title auto="true" type="str" verify="true"><![CDATA[Озноб]]></title>
  <text auto="true" type="str" verify="true"><![CDATA[Хвораю, что ли, — третий день дрожу,
как лошадь, ожидающая бега.
Надменный мой сосед по этажу
и тот вскричал:
— Как вы дрожите, Белла!]]></text>
</doc>
