<doc>
  <source auto="true" type="str" verify="true"><![CDATA[https://rustih.ru/bella-axmadulina-platany-shindisi/]]></source>
  <category auto="true" type="str" verify="true"><![CDATA[Стихи]]></category>
  <author auto="true" type="str" verify="true"><![CDATA[Белла Ахмадулина]]></author>
  <title auto="true" type="str" verify="true"><![CDATA[Платаны Шиндиси]]></title>
  <text auto="true" type="str" verify="true"><![CDATA[С чем платаны Шиндиси сравню?
С чем сравню той поры несравненность?
Ее утро, ведущее к дню,
ее детских молитв откровенность?]]></text>
</doc>
