<doc>
  <source auto="true" type="str" verify="true"><![CDATA[https://rustih.ru/bella-axmadulina-gostit-u-xudozhnika/]]></source>
  <category auto="true" type="str" verify="true"><![CDATA[Стихи]]></category>
  <author auto="true" type="str" verify="true"><![CDATA[Белла Ахмадулина]]></author>
  <title auto="true" type="str" verify="true"><![CDATA[Гостить у художника]]></title>
  <text auto="true" type="str" verify="true"><![CDATA[Итог увяданья подводит октябрь.
Природа вокруг тяжела, серьезна.
В час осени крайний — так скучно локтям
опять ушибаться об угол сиротства.
Соседской четы непомерный визит
все длится, и я, всей душой утомляясь,
ни слова не вымолвлю — в горле висит
какая-то глухонемая туманность.
В час осени крайний — огонь погасить
и вдруг, засыпая, воспрянуть догадкой,
что некогда звали тебя погостить
в дому у художника, там, за Таганкой.
И вот, аспирином задобрив недуг,
напялив калоши, — скорее, скорее
туда, где, румяные щеки надув,
художник умеет играть на свирели.
О милое зрелище этих затей!
Средь кистей, торчащих из банок и ведер,
играет свирель и двух малых детей
печальный топочет вокруг хороводик.
Два детские личика умудрены
улыбкой такою усталой и вечной,
как будто они в мирозданье должны
нестись и описывать круг бесконечный.
Как будто творится века напролет
все это: заоблачный лепет свирели
и маленьких тел одинокий полет
над прочностью мира, во мгле акварели.
И я, притаившись в тени голубой,
застыв перед тем невесомым весельем,
смотрю на суровый их танец, на бой
младенческих мышц
с тяготеньем вселенным —
Слабею, впадаю в смятенье невежд,
когда, воссияв над трубою подзорной,
их в обморок вводит избыток небес,
терзая рассудок тоской тошнотворной.
Но полно! И я появляюсь в дверях,
недаром сюда я брела и спешила.
О счастье, что кто-то так радостно рад,
рад так беспредельно
и так беспричинно!
Явленью моих одичавших локтей
художник так рад, и свирель его рада,
и щедрые ясные лица детей
даруют мне синее солнышко взгляда.
И входит, подходит та, милая, та,
простая, как холст,
не насыщенный грунтом.]]></text>
</doc>
