<doc>
  <source auto="true" type="str" verify="true"><![CDATA[https://rustih.ru/bella-axmadulina-andreyu-voznesenskomu/]]></source>
  <category auto="true" type="str" verify="true"><![CDATA[Стихи]]></category>
  <author auto="true" type="str" verify="true"><![CDATA[Белла Ахмадулина]]></author>
  <title auto="true" type="str" verify="true"><![CDATA[Андрею Вознесенскому]]></title>
  <text auto="true" type="str" verify="true"><![CDATA[Ремесло наши души свело,
заклеймило звездой голубою.
Я любила значенье свое
лишь в связи и в соседстве с тобою.]]></text>
</doc>
