<doc>
  <source auto="true" type="str" verify="true"><![CDATA[https://rustih.ru/bella-axmadulina-malenkie-samolety/]]></source>
  <category auto="true" type="str" verify="true"><![CDATA[Стихи]]></category>
  <author auto="true" type="str" verify="true"><![CDATA[Белла Ахмадулина]]></author>
  <title auto="true" type="str" verify="true"><![CDATA[Маленькие самолеты]]></title>
  <text auto="true" type="str" verify="true"><![CDATA[Ах, мало мне другой заботы,
обременяющей чело, —
мне маленькие самолеты
все снятся, не пойму с чего.]]></text>
</doc>
