<doc>
  <source auto="true" type="str" verify="true"><![CDATA[https://rustih.ru/omar-xajyam-vino-zapreshheno-no-est-chetyre-no/]]></source>
  <category auto="true" type="str" verify="true"><![CDATA[Рубаи]]></category>
  <author auto="true" type="str" verify="true"><![CDATA[Омар Хайям]]></author>
  <title auto="true" type="str" verify="true"><![CDATA[Вино запрещено, но есть четыре «но»]]></title>
  <text auto="true" type="str" verify="true"><![CDATA[Вино запрещено, но есть четыре «но»:
Смотря кто, с кем, когда и в меру ль пьет вино.
При соблюдении сих четырех условий —
Всем здравомыслящим вино разрешено!]]></text>
</doc>
