<doc>
  <source auto="true" type="str" verify="true"><![CDATA[https://rustih.ru/omar-xajyam-vsem-izvestno-chto-ya-svoyu-starost-klyanu/]]></source>
  <category auto="true" type="str" verify="true"><![CDATA[Рубаи]]></category>
  <author auto="true" type="str" verify="true"><![CDATA[Омар Хайям]]></author>
  <title auto="true" type="str" verify="true"><![CDATA[Всем известно, что я свою старость кляну]]></title>
  <text auto="true" type="str" verify="true"><![CDATA[Всем известно, что я свою старость кляну.
Всем известно, что я пристрастился к вину,
Но не знают глупцы, что вино возвращает
Юность старцу, усталому сердцу — весну.]]></text>
</doc>
