<doc>
  <source auto="true" type="str" verify="true"><![CDATA[https://rustih.ru/bella-axmadulina-opisanie-boli-v-solnechnom-spletenii/]]></source>
  <category auto="true" type="str" verify="true"><![CDATA[Стихи]]></category>
  <author auto="true" type="str" verify="true"><![CDATA[Белла Ахмадулина]]></author>
  <title auto="true" type="str" verify="true"><![CDATA[Описание боли в солнечном сплетении]]></title>
  <text auto="true" type="str" verify="true"><![CDATA[Сплетенье солнечное — чушь?
Коварный ляпсус астрономов
рассеянных! Мне дик и чужд
недуг светил неосторожных.
Сплетались бы в сторонней мгле!
Но хворым силам мирозданья
угодно бедствовать во мне —
любимом месте их страданья.
Вместившись в спину и в живот,
вблизи наук, чья суть целебна,
болел и бредил небосвод
в ничтожном теле пациента.
Быть может, сдуру, сгоряча
я б умерла в том белом зале,
когда бы моего врача
Газель Евграфовна не звали.
— Газель Евграфовна! — изрек
белейший медик.
О удача!
Улыбки доблестный цветок,
возросший из расщелин плача.
Покуда стетоскоп глазел
на загнанную мышцу страха,
она любила Вас, Газель,
и Вашего отца Евграфа.
Тахикардический буян
морзянкою предкатастрофной
производил всего лишь ямб,
влюбленный ямб четырехстопный.
Он с Вашим именем играл!
Не зря душа моя, как ваза,
изогнута (при чем Евграф!)
под сладкой тяжестью Кавказа.
Простите мне тоску и жуть,
мой хрупкий звездочет, мой лекарь!
Я вам вселенной прихожусь —
чрезмерным множеством молекул.
Не утруждайте нежный ум
обзором тьмы нечистоплотной!
Не стоит бездна скорбных лун
печали Вашей мимолетной.
Трудов моих туманна цель,
но жизнь мою спасет от краха
воспоминанье про Газель,
дитя добрейшего Евграфа.
Судьба моя, за то всегда
благодарю твой добрый гений,
что смеха детская звезда
живет во мгле твоих трагедий.
Лишь в этом смысл — марать тетрадь,
печалиться в канун веселья,
и болью чуждых солнц хворать,
и умирать для их спасенья.]]></text>
</doc>
