<doc>
  <source auto="true" type="str" verify="true"><![CDATA[https://rustih.ru/bella-axmadulina-o-zritel-ty-byval-v-tbilisi/]]></source>
  <category auto="true" type="str" verify="true"><![CDATA[Стихи]]></category>
  <author auto="true" type="str" verify="true"><![CDATA[Белла Ахмадулина]]></author>
  <title auto="true" type="str" verify="true"><![CDATA[О зритель, ты бывал в Тбилиси]]></title>
  <text auto="true" type="str" verify="true"><![CDATA[О зритель, ты бывал в Тбилиси?
Там в пору наших холодов
цветут растения в теплице
проспектов, улиц и садов.]]></text>
</doc>
