<doc>
  <source auto="true" type="str" verify="true"><![CDATA[https://rustih.ru/bella-axmadulina-iz-neposlannogo-pisma/]]></source>
  <category auto="true" type="str" verify="true"><![CDATA[Стихи]]></category>
  <author auto="true" type="str" verify="true"><![CDATA[Белла Ахмадулина]]></author>
  <title auto="true" type="str" verify="true"><![CDATA[Из непосланного письма]]></title>
  <text auto="true" type="str" verify="true"><![CDATA[Как сверкают и брызгают капли!
По Москве мое тело бредет.
А душа моя — в Картли. О, в Картли,
Одинокая, клич издает.]]></text>
</doc>
