<doc>
  <source auto="true" type="str" verify="true"><![CDATA[https://rustih.ru/bella-axmadulina-picunda/]]></source>
  <category auto="true" type="str" verify="true"><![CDATA[Стихи]]></category>
  <author auto="true" type="str" verify="true"><![CDATA[Белла Ахмадулина]]></author>
  <title auto="true" type="str" verify="true"><![CDATA[Пицунда]]></title>
  <text auto="true" type="str" verify="true"><![CDATA[Эта зелень чрезмерна для яви.
Это — сон, разумеется,
сон о зеленом…]]></text>
</doc>
