<doc>
  <source auto="true" type="str" verify="true"><![CDATA[https://rustih.ru/omar-xajyam-v-etom-mire-lyubov-ukrashene-lyudej/]]></source>
  <category auto="true" type="str" verify="true"><![CDATA[Рубаи]]></category>
  <author auto="true" type="str" verify="true"><![CDATA[Омар Хайям]]></author>
  <title auto="true" type="str" verify="true"><![CDATA[В этом мире любовь — украшенье людей]]></title>
  <text auto="true" type="str" verify="true"><![CDATA[В этом мире любовь — украшенье людей;
Быть лишенным любви — это быть без друзей.
Тот, чье сердце к напитку любви не прильнуло,
Тот — осел, хоть не носит ослиных ушей!]]></text>
</doc>
