<doc>
  <source auto="true" type="str" verify="true"><![CDATA[https://rustih.ru/bella-axmadulina-iz-rasskazannogo-lunoj/]]></source>
  <category auto="true" type="str" verify="true"><![CDATA[Стихи]]></category>
  <author auto="true" type="str" verify="true"><![CDATA[Белла Ахмадулина]]></author>
  <title auto="true" type="str" verify="true"><![CDATA[Из рассказанного луной]]></title>
  <text auto="true" type="str" verify="true"><![CDATA[К реке подходит маленький олень
и лакомство воды лакает.
Но что ж луна так медлит, так лукавит,
и двинуться ей боязно и лень!]]></text>
</doc>
