<doc>
  <source auto="true" type="str" verify="true"><![CDATA[https://rustih.ru/bella-axmadulina-zvezdy/]]></source>
  <category auto="true" type="str" verify="true"><![CDATA[Стихи]]></category>
  <author auto="true" type="str" verify="true"><![CDATA[Белла Ахмадулина]]></author>
  <title auto="true" type="str" verify="true"><![CDATA[Звезды]]></title>
  <text auto="true" type="str" verify="true"><![CDATA[Апрельская тихая ночь теперь.
Те птицы и эти
свои голоса сверяют.
О звезды, —
невозможно терпеть,
как они сверкают,
как они сверкают!
Земле и небу
они воздают благодать
и, нарушая
темноту этой ночи,
сверкают,
сверкают —
издалека видать! —
мои звезды
и твои очи.
Теперь апрельская тихая ночь,
и глаза
к ней медленно привыкают.
О звезды —
мне это все невмочь, —
как они сверкают!
Как они сверкают!]]></text>
</doc>
