<doc>
  <source auto="true" type="str" verify="true"><![CDATA[https://rustih.ru/bella-axmadulina-dolgoj-zhizni-tebe/]]></source>
  <category auto="true" type="str" verify="true"><![CDATA[Стихи]]></category>
  <author auto="true" type="str" verify="true"><![CDATA[Белла Ахмадулина]]></author>
  <title auto="true" type="str" verify="true"><![CDATA[Долгой жизни тебе]]></title>
  <text auto="true" type="str" verify="true"><![CDATA[Долгой жизни тебе, о фиалка!
Твоим синим и милым глазам.
Чтобы ветром тебя не сразило!
Чтобы градом тебя не задело!
Чтоб тебя не ушибли ногой!]]></text>
</doc>
