<doc>
  <source auto="true" type="str" verify="true"><![CDATA[https://rustih.ru/omar-xajyam-bud-xotya-zavsegdataem-vsex-kabakov/]]></source>
  <category auto="true" type="str" verify="true"><![CDATA[Рубаи]]></category>
  <author auto="true" type="str" verify="true"><![CDATA[Омар Хайям]]></author>
  <title auto="true" type="str" verify="true"><![CDATA[Будь хотя завсегдатаем всех кабаков]]></title>
  <text auto="true" type="str" verify="true"><![CDATA[Будь хотя завсегдатаем всех кабаков,
Вечно пьяным, свободным от всяких оков,
Хоть разбойником будь на проезжей дороге:
Грабь богатых, добром одаряй бедняков!]]></text>
</doc>
