<doc>
  <source auto="true" type="str" verify="true"><![CDATA[https://rustih.ru/omar-xajyam-blagorodstvo-i-podlost-otvaga-i-strax/]]></source>
  <category auto="true" type="str" verify="true"><![CDATA[Рубаи]]></category>
  <author auto="true" type="str" verify="true"><![CDATA[Омар Хайям]]></author>
  <title auto="true" type="str" verify="true"><![CDATA[Благородство и подлость, отвага и страх]]></title>
  <text auto="true" type="str" verify="true"><![CDATA[Благородство и подлость, отвага и страх —
Все с рожденья заложено в наших телах.
Мы до смерти не станем ни лучше, ни хуже.
Мы такие, какими нас создал Аллах!]]></text>
</doc>
