<doc>
  <source auto="true" type="str" verify="true"><![CDATA[https://rustih.ru/omar-xajyam-veter-zhizni-inogda-svirep/]]></source>
  <category auto="true" type="str" verify="true"><![CDATA[Рубаи]]></category>
  <author auto="true" type="str" verify="true"><![CDATA[Омар Хайям]]></author>
  <title auto="true" type="str" verify="true"><![CDATA[Ветер жизни иногда свиреп]]></title>
  <text auto="true" type="str" verify="true"><![CDATA[Ветер жизни иногда свиреп.
В целом жизнь, однако, хороша.
И не страшно, когда черный хлеб,
Страшно, когда черная душа.]]></text>
</doc>
