<doc>
  <source auto="true" type="str" verify="true"><![CDATA[https://rustih.ru/bella-axmadulina-beloe-pole/]]></source>
  <category auto="true" type="str" verify="true"><![CDATA[Стихи]]></category>
  <author auto="true" type="str" verify="true"><![CDATA[Белла Ахмадулина]]></author>
  <title auto="true" type="str" verify="true"><![CDATA[Белое поле]]></title>
  <text auto="true" type="str" verify="true"><![CDATA[Я крепко спал при дереве в окне
и знал, что тень его дрожащей ветви —
и есть мой сон. Поверх тебя во сне
смотрели мои сомкнутые веки.
Я мучился без твоего лица!
В нем ни одна черта не прояснилась.
Не подлежала ты обзору сна
и ты не снилась мне. Мне вот что снилось:]]></text>
</doc>
