<doc>
  <source auto="true" type="str" verify="true"><![CDATA[https://rustih.ru/ivan-krylov-obed-u-medvedya-basnya/]]></source>
  <category auto="true" type="str" verify="true"><![CDATA[Басни]]></category>
  <author auto="true" type="str" verify="true"><![CDATA[Иван Крылов]]></author>
  <title auto="true" type="str" verify="true"><![CDATA[Обед у медведя (Басня)]]></title>
  <text auto="true" type="str" verify="true"><![CDATA[Медведь обед давал:
И созвал не одну родню свою, Медведей,
Но и других зверей-соседей,
Кто только на глаза и в мысль ему попал.
Поминки ль были то, рожденье ль, именины,
Но только праздник тот принес Медведю честь,
И было у него попить что и поесть.
Какое кушанье! Какой десерт и вины!
Медведь приметил сам,
Что гости веселы, пирушкою довольны;
А чтобы угодить и более друзьям,
Он тосты затевал и песни пел застольны;
Потом, как со стола уж начали сбирать,
Пустился танцовать.
Лиса в ладоши хлоп: «Ай, Миша, как приятен!
Как ловок в танцах он! как легок, мил и статен!»
Но Волк, сидевший рядом с ней,
Ворчал ей на ухо: «Ты врешь, кума, ей-ей!
Откуда у тебя такая блажь берется?
Ну, что тут ловкого? как ступа он толчется».—
«Вздор сам ты мелешь, кум!» Лиса на то в ответ»
«Не видишь, что хвалю танцора за обед?
А если похвала в нем гордости прибавит,
То, может быть, он нас и ужинать оставит».]]></text>
</doc>
