<doc>
  <source auto="true" type="str" verify="true"><![CDATA[https://rustih.ru/omar-xajyam-bushuyut-v-keliyax-mechetyax-i-cerkvax/]]></source>
  <category auto="true" type="str" verify="true"><![CDATA[Рубаи]]></category>
  <author auto="true" type="str" verify="true"><![CDATA[Омар Хайям]]></author>
  <title auto="true" type="str" verify="true"><![CDATA[Бушуют в келиях, мечетях и церквах]]></title>
  <text auto="true" type="str" verify="true"><![CDATA[Бушуют в келиях, мечетях и церквах,
Надежда в рай войти и перед адом страх.
Лишь у того в душе, кто понял тайну мира,
Сок этих сорных трав весь высох и зачах.]]></text>
</doc>
