<doc>
  <source auto="true" type="str" verify="true"><![CDATA[https://rustih.ru/bella-axmadulina-opustevshaya-dacha/]]></source>
  <category auto="true" type="str" verify="true"><![CDATA[Стихи]]></category>
  <author auto="true" type="str" verify="true"><![CDATA[Белла Ахмадулина]]></author>
  <title auto="true" type="str" verify="true"><![CDATA[Опустевшая дача]]></title>
  <text auto="true" type="str" verify="true"><![CDATA[Увы, ущелие пустое!
Давно ли в сетке гамака
желтело платьице простое,
как птица в глубине силка?]]></text>
</doc>
