<doc>
  <source auto="true" type="str" verify="true"><![CDATA[https://rustih.ru/ivan-krylov-mot-i-lastochka-basnya/]]></source>
  <category auto="true" type="str" verify="true"><![CDATA[Басни]]></category>
  <author auto="true" type="str" verify="true"><![CDATA[Иван Крылов]]></author>
  <title auto="true" type="str" verify="true"><![CDATA[Мот и ласточка (Басня)]]></title>
  <text auto="true" type="str" verify="true"><![CDATA[Какой-то молодец,
В наследство получа богатое именье,
Пустился в мотовство и при большом раденье
Спустил всё чисто; наконец,
С одною шубой он остался,
И то лишь для того, что было то зимой —
Так он морозов побоялся.
Но, Ласточку увидя, малый мой
И шубу промотал. Ведь это все, чай, знают,
Что ласточки к нам прилетают
Перед весной:
Так в шубе, думал он, нет нужды никакой:
К чему в ней кутаться, когда во всей природе
К весенней клонится приятной всё погоде
И в северную глушь морозы загнаны!—
Догадки малого умны;
Да только он забыл пословицу в народе:
Что ласточка одна не делает весны.
И подлинно: опять отколь взялись морозы,
По снегу хрупкому скрипят обозы,
Из труб столбами дым, в оконницах стекло
Узорами заволокло.
От стужи малого прошибли слезы,
И Ласточку свою, предтечу теплых дней,
Он видит на снегу замерзшую. Тут к ней,
Дрожа, насилу мог он вымолвить сквозь зубы:
«Проклятая! сгубила ты себя;
А, понадеясь на тебя,
И я теперь не во-время без шубы!»]]></text>
</doc>
