<doc>
  <source auto="true" type="str" verify="true"><![CDATA[https://rustih.ru/ivan-krylov-moj-drug-kogda-by-byl-ty-bog/]]></source>
  <category auto="true" type="str" verify="true"><![CDATA[Басни]]></category>
  <author auto="true" type="str" verify="true"><![CDATA[Иван Крылов]]></author>
  <title auto="true" type="str" verify="true"><![CDATA[Мой друг, когда бы был ты бог]]></title>
  <text auto="true" type="str" verify="true"><![CDATA[Мой друг, когда бы был ты бог,
Ты б глупости такой сказать не мог.]]></text>
</doc>
