<doc>
  <source auto="true" type="str" verify="true"><![CDATA[https://rustih.ru/omar-xajyam-vladykoj-raya-li-ya-vyleplen-il-ada/]]></source>
  <category auto="true" type="str" verify="true"><![CDATA[Рубаи]]></category>
  <author auto="true" type="str" verify="true"><![CDATA[Омар Хайям]]></author>
  <title auto="true" type="str" verify="true"><![CDATA[Владыкой рая ли я вылеплен иль ада]]></title>
  <text auto="true" type="str" verify="true"><![CDATA[Владыкой рая ли я вылеплен иль ада,
Не знаю я, но знать мне это и не надо:
Мой ангел, и вино, и лютня здесь, со мной,
А для тебя они — загробная награда.]]></text>
</doc>
