<doc>
  <source auto="true" type="str" verify="true"><![CDATA[https://rustih.ru/omar-xajyam-vsem-serdechnym-dvizheniyam-volyu-davaj/]]></source>
  <category auto="true" type="str" verify="true"><![CDATA[Рубаи]]></category>
  <author auto="true" type="str" verify="true"><![CDATA[Омар Хайям]]></author>
  <title auto="true" type="str" verify="true"><![CDATA[Всем сердечным движениям волю давай]]></title>
  <text auto="true" type="str" verify="true"><![CDATA[Всем сердечным движениям волю давай,
Сад желаний возделывать не уставай,
Звездной ночью блаженствуй на шелковой травке:
На закате — ложись, на рассвете — вставай.]]></text>
</doc>
