<doc>
  <source auto="true" type="str" verify="true"><![CDATA[https://rustih.ru/omar-xajyam-v-tesnine-okazhus/]]></source>
  <category auto="true" type="str" verify="true"><![CDATA[Рубаи]]></category>
  <author auto="true" type="str" verify="true"><![CDATA[Омар Хайям]]></author>
  <title auto="true" type="str" verify="true"><![CDATA[В теснине окажусь]]></title>
  <text auto="true" type="str" verify="true"><![CDATA[В теснине окажусь — Ты в тот же миг узришь,
Вслепую забреду в глухой тупик — узришь,
В беде отчаянный безмолвный крик — услышишь,
А если я лукав, в мольбе двулик, — узришь.]]></text>
</doc>
