<doc>
  <source auto="true" type="str" verify="true"><![CDATA[https://rustih.ru/ivan-krylov-lev-i-volk-basnya/]]></source>
  <category auto="true" type="str" verify="true"><![CDATA[Басни]]></category>
  <author auto="true" type="str" verify="true"><![CDATA[Иван Крылов]]></author>
  <title auto="true" type="str" verify="true"><![CDATA[Лев и волк (Басня)]]></title>
  <text auto="true" type="str" verify="true"><![CDATA[Лев убирал за завтраком ягнёнка;
А собачонка,
Вертясь вкруг царского стола,
У Льва из-под когтей кусочек урвала;
И Царь зверей то снес, не огорчась ни мало:
Она глупа еще и молода была.
Увидя то, на мысли Волку вспало,
Что Лев, конечно, не силен,
Коль так смирен:
И лапу протянул к ягнёнку также он.
Ан вышло с Волком худо:
Он сам ко Льву попал на блюдо.
Лев растерзал его, примолвя так: «Дружок,
Напрасно, смотря на собачку,
Ты вздумал, что тебе я также дам потачку:
Она еще глупа, а ты уж не щенок!»]]></text>
</doc>
