<doc>
  <source auto="true" type="str" verify="true"><![CDATA[https://rustih.ru/omar-xajyam-bud-glux-k-uchenomu-o-boge-sueslovyu/]]></source>
  <category auto="true" type="str" verify="true"><![CDATA[Рубаи]]></category>
  <author auto="true" type="str" verify="true"><![CDATA[Омар Хайям]]></author>
  <title auto="true" type="str" verify="true"><![CDATA[Будь глух к ученому о боге суесловью]]></title>
  <text auto="true" type="str" verify="true"><![CDATA[Будь глух к ученому о боге суесловью,
Целуй кумир, к его прильнувши изголовью.
Покуда кровь твою не пролил злобный рок,
Свой кубок наполняй бесценных гроздий кровью.]]></text>
</doc>
