<doc>
  <source auto="true" type="str" verify="true"><![CDATA[https://rustih.ru/bella-axmadulina-drugoe/]]></source>
  <category auto="true" type="str" verify="true"><![CDATA[Стихи]]></category>
  <author auto="true" type="str" verify="true"><![CDATA[Белла Ахмадулина]]></author>
  <title auto="true" type="str" verify="true"><![CDATA[Другое]]></title>
  <text auto="true" type="str" verify="true"><![CDATA[Что сделалось? Зачем я не могу,
уж целый год не знаю, не умею
слагать стихи и только немоту
тяжелую в моих губах имею?]]></text>
</doc>
