<doc>
  <source auto="true" type="str" verify="true"><![CDATA[https://rustih.ru/omar-xajyam-vino-glushitelya-zabot/]]></source>
  <category auto="true" type="str" verify="true"><![CDATA[Рубаи]]></category>
  <author auto="true" type="str" verify="true"><![CDATA[Омар Хайям]]></author>
  <title auto="true" type="str" verify="true"><![CDATA[Вино, глушителя забот]]></title>
  <text auto="true" type="str" verify="true"><![CDATA[Шавваль пришел. Вино, глушителя забот,
Пусть виночерпий нам по чашам разольет.
Намордник строгого поста, узду намазов
С ослиных этих морд благой Шавваль сорвет.]]></text>
</doc>
