<doc>
  <source auto="true" type="str" verify="true"><![CDATA[https://rustih.ru/omar-xajyam-vmesto-rozy-kolyuchka-suxaya-sojdet/]]></source>
  <category auto="true" type="str" verify="true"><![CDATA[Рубаи]]></category>
  <author auto="true" type="str" verify="true"><![CDATA[Омар Хайям]]></author>
  <title auto="true" type="str" verify="true"><![CDATA[Вместо розы колючка сухая сойдет]]></title>
  <text auto="true" type="str" verify="true"><![CDATA[Вместо розы — колючка сухая сойдет.
Черный ад — вместо светлого рая сойдет.
Если нет под рукою муллы и мечети —
Поп сгодится и вера чужая сойдет!]]></text>
</doc>
