<doc>
  <source auto="true" type="str" verify="true"><![CDATA[https://rustih.ru/bella-axmadulina-dozhd-i-sad/]]></source>
  <category auto="true" type="str" verify="true"><![CDATA[Стихи]]></category>
  <author auto="true" type="str" verify="true"><![CDATA[Белла Ахмадулина]]></author>
  <title auto="true" type="str" verify="true"><![CDATA[Дождь и сад]]></title>
  <text auto="true" type="str" verify="true"><![CDATA[В окне, как в чуждом букваре,
неграмотным я рыщу взглядом.
Я мало смыслю в декабре,
что выражен дождем и садом.]]></text>
</doc>
