<doc>
  <source auto="true" type="str" verify="true"><![CDATA[https://rustih.ru/bella-axmadulina-moya-mashinka-ne-moya/]]></source>
  <category auto="true" type="str" verify="true"><![CDATA[Стихи]]></category>
  <author auto="true" type="str" verify="true"><![CDATA[Белла Ахмадулина]]></author>
  <title auto="true" type="str" verify="true"><![CDATA[Моя машинка не моя]]></title>
  <text auto="true" type="str" verify="true"><![CDATA[Моя машинка — не моя.
Мне подарил ее коллега,
которому она мала,
а мне как раз, но я жалела
ее за то, что человек
обрек ее своим повадкам,
и, сделавшись живей, чем вещь,
она страдала, став подарком.
Скучал и бунтовал зверек,
неприрученный нрав насупив,
и отвергал как лишний слог
высокопарнейший мой суффикс.
Пришелец из судьбы чужой
переиначивал мой почерк,
меня неведомой душой
отяготив, но и упрочив.
Снесла я произвол благой
и сделаюсь судьбой моею —]]></text>
</doc>
