<doc>
  <source auto="true" type="str" verify="true"><![CDATA[https://rustih.ru/omar-xajyam-vot-snova-den-ischez-kak-vetra-legkij-ston/]]></source>
  <category auto="true" type="str" verify="true"><![CDATA[Рубаи]]></category>
  <author auto="true" type="str" verify="true"><![CDATA[Омар Хайям]]></author>
  <title auto="true" type="str" verify="true"><![CDATA[Вот снова день исчез, как ветра легкий стон]]></title>
  <text auto="true" type="str" verify="true"><![CDATA[Вот снова день исчез, как ветра легкий стон,
Из нашей жизни, друг, навеки выпал он.
Но я, покуда жив, тревожиться не стану
О дне, что отошел, и дне, что не рожден.]]></text>
</doc>
