<doc>
  <source auto="true" type="str" verify="true"><![CDATA[https://rustih.ru/bella-axmadulina-zhila-v-pokoe-okayannom/]]></source>
  <category auto="true" type="str" verify="true"><![CDATA[Стихи]]></category>
  <author auto="true" type="str" verify="true"><![CDATA[Белла Ахмадулина]]></author>
  <title auto="true" type="str" verify="true"><![CDATA[Жила в покое окаянном]]></title>
  <text auto="true" type="str" verify="true"><![CDATA[Жила в покое окаянном,
а все ж душа — белым-бела,
и если кто-то океаном
и был — то это я была.]]></text>
</doc>
