<doc>
  <source auto="true" type="str" verify="true"><![CDATA[https://rustih.ru/omar-xajyam-v-odno-okno-smotreli-dvoe/]]></source>
  <category auto="true" type="str" verify="true"><![CDATA[Рубаи]]></category>
  <author auto="true" type="str" verify="true"><![CDATA[Омар Хайям]]></author>
  <title auto="true" type="str" verify="true"><![CDATA[В одно окно смотрели двое]]></title>
  <text auto="true" type="str" verify="true"><![CDATA[В одно окно смотрели двое. Один увидел дождь и грязь.
Другой — листвы зелёной вязь, весну и небо голубое.
В одно окно смотрели двое.]]></text>
</doc>
