<doc>
  <source auto="true" type="str" verify="true"><![CDATA[https://rustih.ru/omar-xajyam-bokala-polnogo-veselyj-vid-mne-lyub/]]></source>
  <category auto="true" type="str" verify="true"><![CDATA[Рубаи]]></category>
  <author auto="true" type="str" verify="true"><![CDATA[Омар Хайям]]></author>
  <title auto="true" type="str" verify="true"><![CDATA[Бокала полного веселый вид мне люб]]></title>
  <text auto="true" type="str" verify="true"><![CDATA[Бокала полного веселый вид мне люб,
Звук арф, что жалобно при том звенит, мне люб,
Ханжа, которому чужда отрада хмеля, —
Когда он за сто верст, горами скрыт, — мне люб.]]></text>
</doc>
