<doc>
  <source auto="true" type="str" verify="true"><![CDATA[https://rustih.ru/ivan-krylov-na-den-rozhdeniya-11-avgusta-a-oleninoj/]]></source>
  <category auto="true" type="str" verify="true"><![CDATA[Басни]]></category>
  <author auto="true" type="str" verify="true"><![CDATA[Иван Крылов]]></author>
  <title auto="true" type="str" verify="true"><![CDATA[На день рождения (11 августа) А. Олениной]]></title>
  <text auto="true" type="str" verify="true"><![CDATA[Дурак толстый архитектор,
Чтоб поздравленья написать,
Пусть он будет нам протектор
Лишь бы знать с чего начать?
Много гениев собралось,
Только стали мы все в пень.
Много мыслей растерялось,
Чтоб прославить этот день.
Хоть сей месяц и осенний
Амуры вкупе собрались
И, тебе венок весенний
Чтоб поднесть, передрались.
И, чтобы шифр Исидора
Весь в цветах тебе поднесть,
Мельхиора, Гелиодора
И Кастора тут приплесть.
Не обидеть же Медора
Вставим кстати тут его
А при нем Кассиодора
Для рожденья твоего.
Наше общее желанье,
Чтоб ты счастлива была
И стихов сих содержанье
Как-нибудь да поняла.
(6 гениев)]]></text>
</doc>
