<doc>
  <source auto="true" type="str" verify="true"><![CDATA[https://rustih.ru/bella-axmadulina-konec-oxotnichego-sezona/]]></source>
  <category auto="true" type="str" verify="true"><![CDATA[Стихи]]></category>
  <author auto="true" type="str" verify="true"><![CDATA[Белла Ахмадулина]]></author>
  <title auto="true" type="str" verify="true"><![CDATA[Конец охотничьего сезона]]></title>
  <text auto="true" type="str" verify="true"><![CDATA[Октябрь. Зимы и лета перепалка.
Как старый фолиант без переплета-
потрепанная ветром ветхость парка.
И вновь ко мне взывает перепелка]]></text>
</doc>
