<doc>
  <source auto="true" type="str" verify="true"><![CDATA[https://rustih.ru/ivan-krylov-volk-i-volchonok/]]></source>
  <category auto="true" type="str" verify="true"><![CDATA[Басни]]></category>
  <author auto="true" type="str" verify="true"><![CDATA[Иван Крылов]]></author>
  <title auto="true" type="str" verify="true"><![CDATA[Волк и Волчонок]]></title>
  <text auto="true" type="str" verify="true"><![CDATA[Волчонка Волк, начав помалу приучать
‎Отцовским промыслом питаться,
‎Послал его опушкой прогуляться;
А между тем велел прилежней примечать,
‎Нельзя ль где счастья им отведать,
‎Хоть, захватя греха,
‎На счёт бы пастуха
‎Позавтракать иль пообедать!
‎Приходит ученик домой
‎И говорит: «Пойдём скорей со мной!
Обед готов; ничто не может быть вернее:
‎Там под горой
‎Пасут овец, одна другой жирнее;
‎Любую стоит лишь унесть
‎И съесть;
А стадо таково, что трудно перечесть». —
«Постой-ка», Волк сказал: «сперва мне ведать надо,
‎Каков пастух у стада?» —
‎«Хоть говорят, что он
‎Не плох, заботлив и умён,
Однако стадо я обшёл со всех сторон
И высмотрел собак: они совсем не жирны,
‎И плохи, кажется, и смирны». —
‎«Меня так этот слух»,
Волк старый говорит: «не очень к стаду манит;
‎Коль подлинно не плох пастух,
‎Так он плохих собак держать не станет.
‎Тут тотчас попадёшь в беду!
Пойдём-ка, я тебя на стадо наведу,
‎Где сбережём верней мы наши шкуры:
Хотя при стаде том и множество собак,
‎Да сам пастух дурак;
А где пастух дурак, там и собаки дуры».]]></text>
</doc>
